Sentence,Entities,Document_ID,Entity_Texts,SentenceWithContext,matched_entities
Both the labor force participation rate and the employment-to- population ratio declined a little over the past two months.,"(('Employment', -0.33), ('Labor Market', -0.34), ('Economy', -0.15))",fomcminutes20221214.pdf,"['Employment', 'Labor Market', 'Economy']","On balance, the unemployment rate for Af- rican Americans edged down over those two months, while the unemployment rate for Hispanics increased slightly; the unemployment rates for both groups re- mained above the national measure. Both the labor force participation rate and the employment-to- population ratio declined a little over the past two months. The private-sector job openings rate, as meas- ured by the Job Openings and Labor Turnover Survey, moved back down in October but remained high.",['Unemployment']
"So there isn’t a— you know, there’s not a dollar amount or a percent of GDP or anything like that where we think we have a really pretty clear understanding of that.","(('GDP', 0),)",FOMCpresconf20240320.pdf,['GDP'],"Are they—right now, we would characterize them as “abundant,” and what we’re aiming for is “ample” and, you know, which is a little bit less than abundant. So there isn’t a— you know, there’s not a dollar amount or a percent of GDP or anything like that where we think we have a really pretty clear understanding of that. We’re going to be looking at what these— what’s happening in money markets, in particular—a bunch of different indicators, including the ones I mentioned, to tell us when we’re getting close.","['GDP', 'Money Market', 'Financial Markets', 'Economic outlook', 'Personal Consumption Expenditures (PCE)', 'Monetary Policy']"
"riod against the backdrop of progress on COVID-19 vaccinations, signs of stronger domestic spending, and additional fiscal stimulus.",,fomcminutes20210317.pdf,[],"Staff Review of the Financial Situation Investors appeared to have become more optimistic about the economic outlook over the intermeeting pe- riod against the backdrop of progress on COVID-19 vaccinations, signs of stronger domestic spending, and additional fiscal stimulus. The nominal Treasury yield curve steepened markedly, largely because of increases in longer-term real yields, although measures of inflation compensation also increased further.","['Expectation', 'Economic outlook', 'Inflation', 'US dollar Appreciation', 'Treasury Securities', 'Yields']"
"Unemployment, though, if you look at the projection for the full year of 4.0 percent, in February, we were already at 3.9 percent, so quite close to the median projection.","(('Unemployment', 0.33),)",FOMCpresconf20240320.pdf,['Unemployment'],"Obviously, inflation is some ways away from target. Unemployment, though, if you look at the projection for the full year of 4.0 percent, in February, we were already at 3.9 percent, so quite close to the median projection. Are you concerned at all that—notwithstanding the very strong jobs growth—that in fact there may be some cracks appearing in the employment market?","['Inflation', 'Price Stability', 'maximum employment', 'Monetary Policy', 'Transitory', 'Unemployment', 'maximum employment', 'HIRE', 'Labor Market', 'Unemployment', 'Employment']"
Page 10 of 24 would get more confidence at the end of this year.,"(('', ''),)",FOMCpresconf20240320.pdf,[''],"[that] you March 20, 2024 Chair Powell’s Press Conference FINAL Page 10 of 24 would get more confidence at the end of this year. Is it right to say that this suggests you’re not seeing a lot of disinflation this year compared to what we’ve seen 2023 and so forth?","['Chair', 'Powell']"
"Foreign financial conditions broadly eased over the in- termeeting period, largely driven by lower-than-expected U.S. inflation data.","(('Financial Markets', 0.65), ('Inflation', 0.65), ('Economy', 0.65), ('Countries', 0.0))",fomcminutes20221214.pdf,"['Financial Markets', 'Inflation', 'Economy', 'Countries']","Net yields on money market funds rose further over the intermeeting period, mostly passing through the increase in adminis- tered rates, while bank deposit rates increased only slightly in October and November. Foreign financial conditions broadly eased over the in- termeeting period, largely driven by lower-than-expected U.S. inflation data. The foreign exchange value of the dollar depreciated against most foreign currencies, par- ticularly against those of advanced foreign economies, in part reflecting a narrowing of near-term yield differen- tials between the United States and other advanced economies.","['Yields', 'Federal Funds Rate', 'Interest Rates', 'Federal Funds Target', 'Money Market', 'Price Stability', 'US dollar Depreciation', 'Foreign Currencies', 'US dollar Appreciation', 'GDP', 'Yields', 'US dollar Appreciation', 'Development']"
"In addition, the Committee will continue reducing its holdings of Treasury securities and agency debt and agency mortgage‑backed securities.","(('Federal Reserve', 0.468),)",monetary20240731a1.pdf,['Federal Reserve'],"The Committee does not expect it will be appropriate to reduce the target range until it has gained greater confidence that inflation is moving sustainably toward 2 percent. In addition, the Committee will continue reducing its holdings of Treasury securities and agency debt and agency mortgage‑backed securities. The Committee is strongly committed to returning inflation to its 2 percent objective.","['Federal Funds Target', 'Mortgage-Backed Securities', 'Treasury Securities', 'Federal Open Market Committee(FOMC)', 'Securities', 'Security holdings', 'Federal Open Market Committee(FOMC)', 'Price Stability', 'Inflation', 'Dual Mandate']"
More information regarding open market operations and reinvestments may be found on the Federal Reserve Bank of New York’s website.,"(('Federal Reserve', 0.922),)",monetary20211103a1.pdf,['Federal Reserve'],"This information will be updated as appropriate to reflect decisions of the Federal Open Market Committee or the Board of Governors regarding details of the Federal Reserve’s operational tools and approach used to implement monetary policy. More information regarding open market operations and reinvestments may be found on the Federal Reserve Bank of New York’s website. For release at 2:00 p.m. EDT July 31, 2024 Recent indicators suggest that economic activity has continued to expand at a solid pace.","['domestic policy directive', 'Federal Reserve', 'Board', 'Federal Open Market Committee(FOMC)', 'Monetary Policy', 'Federal Open Market Committee(FOMC)', 'Federal Reserve', 'Equity Markets', 'Financial Markets', 'Reinvestment', 'Development', 'Economic outlook', 'Growth']"
"We’ve got nine months of 2½ percent inflation now, and we’ve had two months of kind of bumpy inflation.","(('Inflation', 0.111),)",FOMCpresconf20240320.pdf,['Inflation'],"I think that’s what you still see. We’ve got nine months of 2½ percent inflation now, and we’ve had two months of kind of bumpy inflation. We were saying that we’ll—it’s going to be a bumpy ride.",['Inflation']
"Hi, Chris Rugaber, the Associated Press.","(('', ''),)",FOMCpresconf20240320.pdf,[''],"Again, I don’t—there’s nothing in the data pointing at that, but those are the things that we’ll be looking at, at coming meetings and—without trying to refer to any specific meeting. Hi, Chris Rugaber, the Associated Press. Thank you.",['Press Conference']
"In support of its goals, the Committee decided to maintain the target range for the federal funds rate at 4-1/4 to 4-1/2 percent.","(('Federal Reserve', 0.684),)",monetary20250507a1.pdf,['Federal Reserve'],"The Committee is attentive to the risks to both sides of its dual mandate and judges that the risks of higher unemployment and higher inflation have risen. In support of its goals, the Committee decided to maintain the target range for the federal funds rate at 4-1/4 to 4-1/2 percent. In considering the extent and timing of additional adjustments to the target range for the federal funds rate, the Committee will carefully assess incoming data, the evolving outlook, and the balance of risks.","['Dual Mandate', 'Federal Funds Target', 'Federal Funds Rate', 'Federal Open Market Committee(FOMC)', 'Dual Mandate', 'Federal Funds Target', 'Federal Open Market Committee(FOMC)', 'Federal Funds Rate', 'domestic policy directive', 'Powell']"
"We’re trying to do that in a way that sustains the strong growth we’re seeing, the strong labor market we’re seeing, but allows us to make further progress with inflation.","(('Inflation', -0.719),)",FOMCpresconf20240320.pdf,['Inflation'],"In this case, I would say, those are, you know—our mandate is for maximum employment and price stability and the other things that we do, and that’s what we’re trying to accomplish. We’re trying to do that in a way that sustains the strong growth we’re seeing, the strong labor market we’re seeing, but allows us to make further progress with inflation. That’s how we can best serve the public and leave the other issues, which in many cases are incredibly important, such as those you mentioned, leave those to the people who have responsibility for those.","['Dual Mandate', 'Demand', 'maximum employment', 'Cyclically Sensitive Sectors', 'Labor Market', 'maximum employment', 'Dual Mandate', 'Price Stability', 'Inflation', 'Monetary Policy']"
The U.S. banking system is sound and resilient.,"((' Banking System', 0),)",monetary20231213a1.pdf,[' Banking System'],"Inflation has eased over the past year but remains elevated. The U.S. banking system is sound and resilient. Tighter financial and credit conditions for households and businesses are likely to weigh on economic activity, hiring, and inflation.","['Inflation', 'Price Stability', 'maximum employment', 'Transitory', 'Banking System', 'Financial Stability', 'Federal Reserve', 'Cyclically Sensitive Sectors', 'Labor Market', 'Economic outlook', 'Financial Markets', 'Financial Stability']"
"And I think the historical record, it’s—every situation is different, but the historical record is that you need to approach that question carefully and try to get it right the first time and not have to come back and raise rates again perhaps if you cut inappropriately— prematurely.","(('', ''),)",FOMCpresconf20240320.pdf,[''],"It is very important for everyone that we serve that we do get inflation sustainably down. And I think the historical record, it’s—every situation is different, but the historical record is that you need to approach that question carefully and try to get it right the first time and not have to come back and raise rates again perhaps if you cut inappropriately— prematurely. Edward Lawrence with FOX Business.","['Price Stability', 'Inflation', 'maximum employment', 'Transitory', 'domestic policy directive']"
And so— STEVE LIESMAN.,"(('', ''),)",FOMCpresconf20240320.pdf,[''],"But nonetheless, we continue to make good progress on bringing inflation down. And so— STEVE LIESMAN. When you—just to follow up: When you say that you’re willing to either maintain the rate for longer, is—what is the tolerance of the Federal Reserve for inflation coming in above its 2 percent target?","['Price Stability', 'Inflation', 'maximum employment', 'Monetary Policy', 'domestic policy directive', 'Dual Mandate', 'Price Stability', 'Monetary Policy', 'Federal Reserve', 'Inflation']"
CHAIR POWELL.,"(('', ''),)",FOMCpresconf20240320.pdf,[''],"Is that because you anticipate one cut would be followed by one or two more along the lines of the recalibration you made in 2019, which itself was modeled on the mid-cycle adjustment of 1995? CHAIR POWELL. It’s more—I would put it more in the context of what I said in our— in my opening remarks that the risks are really two-sided here.","['Chair', 'Powell', 'Risk']"
Credit availability for households with lower credit scores was considerably tighter at levels comparable with what prevailed before the pandemic.,"(('Credit', -0.7), ('Finance', -0.6), ('Economy', -0.5), ('Pandemic', 0.0))",fomcminutes20221214.pdf,"['Credit', 'Finance', 'Economy', 'Pandemic']",Credit was readily available in the residential mortgage market for high-credit-score borrowers who met stand- ard conforming loan criteria. Credit availability for households with lower credit scores was considerably tighter at levels comparable with what prevailed before the pandemic. The number of home purchases and re- finance mortgage rate locks edged lower at subdued lev- els despite recent declines in mortgage interest rates.,"['Mortgage', 'Credit', 'Mortgage-Backed Securities', 'Pandemic', 'Mortgage', 'Mortgage-Backed Securities']"
Conduct standing overnight reverse repurchase agreement operations at an offering rate of 5.3 percent and with a per-counterparty limit of $160 billion per day.,"(('', ''),)",monetary20240731a1.pdf,[''],Conduct standing overnight repurchase agreement operations with a minimum bid rate of 5.5 percent and with an aggregate operation limit of $500 billion. Conduct standing overnight reverse repurchase agreement operations at an offering rate of 5.3 percent and with a per-counterparty limit of $160 billion per day. o Roll over at auction the amount of principal payments from the Federal Reserve's holdings of Treasury securities maturing in each calendar month that exceeds a cap of $25 billion per month.,"['repurchase agreement', 'Overnight Rate', 'Repurchase Agreement (repo) Rates', 'repurchase agreement', 'Overnight Rate', 'Repurchase Agreement (repo) Rates', 'Repo Markets', 'Treasury Securities', 'auction']"
But not every day and in every way.,"(('', ''),)",FOMCpresconf20240320.pdf,[''],"So I think it’s generally broadly helped and made things better. But not every day and in every way. Well, to follow up: Has there ever been a day where you wanted to put that genie back in the bottle somewhat?",[]
"With progress on vaccinations and strong policy support, indicators of economic activity and employment have continued to strengthen.","(('Employment', -0.926), ('Economy', -0.926),)",monetary20211103a1.pdf,"['Employment', 'Economy']","For release at 2 p.m. EDT November 3, 2021 The Federal Reserve is committed to using its full range of tools to support the U.S. economy in this challenging time, thereby promoting its maximum employment and price stability goals. With progress on vaccinations and strong policy support, indicators of economic activity and employment have continued to strengthen. The sectors most adversely affected by the pandemic have improved in recent months, but the summer’s rise in COVID-19 cases has slowed their recovery.","['Dual Mandate', 'Federal Reserve', 'domestic policy directive', 'Powell', 'Monetary Policy', 'Development', 'Economic outlook', 'Employment', 'Pandemic']"
"Of course, initial claims are very, very low and, if anything, have tracked down a little bit.","(('', ''),)",FOMCpresconf20240320.pdf,[''],"So that’s something we’re watching, but we’re not seeing it. Of course, initial claims are very, very low and, if anything, have tracked down a little bit. So—watching it carefully.",[]
"That’s how we can best serve the public and leave the other issues, which in many cases are incredibly important, such as those you mentioned, leave those to the people who have responsibility for those.","(('', ''),)",FOMCpresconf20240320.pdf,[''],"We’re trying to do that in a way that sustains the strong growth we’re seeing, the strong labor market we’re seeing, but allows us to make further progress with inflation. That’s how we can best serve the public and leave the other issues, which in many cases are incredibly important, such as those you mentioned, leave those to the people who have responsibility for those. There was another letter from two dozen lawmakers saying that the higher rates are squeezing the working people.","['maximum employment', 'Dual Mandate', 'Price Stability', 'Inflation', 'Monetary Policy']"
"It isn’t—it wasn’t so much in the banking system as it was around, for example, where federal funds are trading relative to the administered rates and where secured rates are relative to the administered rates.","(('Regulatory Implementation', 0),)",FOMCpresconf20240320.pdf,['Regulatory Implementation'],"And I think now we have a better sense of what are the indicators. It isn’t—it wasn’t so much in the banking system as it was around, for example, where federal funds are trading relative to the administered rates and where secured rates are relative to the administered rates. Those sorts of things.","['Federal Funds Rate', 'Federal Funds Target', 'Interest Rates', 'Monetary Policy', 'Federal Reserve']"
"Nominal nonresidential construction spending rose somewhat in January, but investment in nonresidential structures out- side of the drilling and mining sector looked to remain weak in the current quarter after declining further in the fourth quarter, reflecting continued hesitation by busi- nesses to commit to building projects with lengthy times to completion and uncertain future returns.","(('Investment',-0.9),('('Growth',-0.33)( 'Economy',-0.33)，（‘Expectation’，-0.66）,（'Risk'),-0.66)",fomcminutes20210317.pdf,[],"Business investment in the drilling and mining sector appeared to be increas- ing further after turning up sharply in the fourth quarter, as crude oil and natural gas rigs in operation—an indica- tor of drilling investment—continued to rise through early March with oil prices moving higher. Nominal nonresidential construction spending rose somewhat in January, but investment in nonresidential structures out- side of the drilling and mining sector looked to remain weak in the current quarter after declining further in the fourth quarter, reflecting continued hesitation by busi- nesses to commit to building projects with lengthy times to completion and uncertain future returns. Industrial production continued to rise solidly in January but then fell markedly in February, largely reflecting de- clines in manufacturing and mining sector output caused by severe winter weather in the south central region of the country in the middle of that month.","['Cyclically Sensitive Sectors', 'Cyclically Sensitive Sectors']"
"So you have a, you know, a slower pace of runoff, which we’ll have fairly soon.","(('Asset Runoff', 0),)",FOMCpresconf20240320.pdf,['Asset Runoff'],"Then, though, you reach a point ultimately where you stop allowing the balance sheet to run off and you—but then, from that point, there’s another period in which nonreserves—nonreserve liabilities grow organically, like currency, and that also shrinks the reserves at a very slow pace. So you have a, you know, a slower pace of runoff, which we’ll have fairly soon. Then you have another time where you effectively hold the March 20, 2024 Chair Powell’s Press Conference FINAL","['Asset Runoff', 'Balance Sheet', 'Balance', 'Reserves', 'Interest on Excess Reserves (IOER)', 'Asset Runoff', 'Chair', 'Powell', 'Press Conference']"
Steve Matthews with Bloomberg.,"(('', ''),)",FOMCpresconf20240320.pdf,[''],"That’s where I’ll leave it, though. Steve Matthews with Bloomberg. You mentioned at the beginning of the press conference that the Committee thought it might be appropriate to slow the pace of asset runoff fairly soon.",['Asset Runoff']
standing.,,fomcminutes20210317.pdf,[],Higher term premiums could reflect the outlook for more expansive fiscal policy and an associated upward revision in the expected path for Treasury debt out- standing. Increased uncertainty over the outlook for longer-term interest rates as well as technical factors may also have contributed to the rise in term premiums.,"['Term Premium', 'Fiscal Policy', 'Treasury Securities', 'Term Premium', 'Interest Rates', 'Expectation', 'Risk', 'Cyclically Sensitive Sectors']"
"By contrast, the employment cost index of total hourly compensation in the private sector rose 2.6 percent over the 12 months of last year, and a staff estimate of the 12-month change in the median wage derived from the ADP data was 3.2 percent in Jan- uary.","(('Employment',0.33),( 'Average Hourly Earnings',0.5))",fomcminutes20210317.pdf,"['Employment', 'Average Hourly Earnings']","In particular, the concentration of job losses among lower-wage workers since early last year had resulted in outsized increases in average hourly earnings and com- pensation per hour that were not indicative of tight labor market conditions. By contrast, the employment cost index of total hourly compensation in the private sector rose 2.6 percent over the 12 months of last year, and a staff estimate of the 12-month change in the median wage derived from the ADP data was 3.2 percent in Jan- uary. These measures are likely to have been less af- fected by changes in workforce composition, and they were rising more slowly than their pre-pandemic pace.","['Average Hourly Earnings', 'Labor Market', 'Unemployment', 'HIRE', 'Employment', 'Average Hourly Earnings', 'Labor Market', 'Pandemic', 'Cyclically Sensitive Sectors', 'Average Hourly Earnings']"
"In our SEP, FOMC participants wrote down their individual assessments of an appropriate path for the federal funds rate based on what each participant judges to be the most likely scenario going forward.","(('Federal Reserve', 0.701), ('Interest Rates', 0.854),)",FOMCpresconf20240320.pdf,"['Federal Reserve', 'Interest Rates']","We will continue to make our decisions meeting by meeting. In our SEP, FOMC participants wrote down their individual assessments of an appropriate path for the federal funds rate based on what each participant judges to be the most likely scenario going forward. If the economy evolves as projected, the median participant projects that the appropriate level of the federal funds rate will be 4.6 percent at the end of this March 20, 2024 Chair Powell’s Press Conference FINAL","['Federal Open Market Committee(FOMC)', 'Federal Funds Target', 'Federal Funds Rate', 'Powell', 'Chair', 'Federal Funds Rate', 'Federal Funds Target', 'Federal Open Market Committee(FOMC)']"
"Based on discussions with District con- tacts as well as a survey of firms’ chief financial officers, some participants commented that while businesses were generally optimistic about their own prospects, they expressed increasing concern about the general eco- nomic outlook for 2023.","(('Expectation', -0.3), ('Economy', -0.4), ('Growth', -0.3))",fomcminutes20221214.pdf,"['Expectation', 'Economy', 'Growth']","With regard to the business sector, participants noted that growth in investment spending appeared modest and was being restrained by high borrowing costs and an outlook for slow growth of final demand, although views on investment prospects varied across businesses and Districts. Based on discussions with District con- tacts as well as a survey of firms’ chief financial officers, some participants commented that while businesses were generally optimistic about their own prospects, they expressed increasing concern about the general eco- nomic outlook for 2023. Participants noted signs of continued easing in supply bottlenecks, with a couple cit- ing District contacts’ reports of declines in shipping costs and delivery times.","['Cyclically Sensitive Sectors', 'Finance', 'Money Market', 'Fiscal Policy', 'Uncertain', 'Economic outlook', 'Expectation', 'Uncertain', 'Risk', 'Cyclically Sensitive Sectors']"
"On a four-quarter change basis, total PCE price inflation was expected to be 5.5 percent in 2022, while core infla- tion was expected to be 4.7 percent, both lower than in the November projection.","(('Inflation', 0.5), ('Personal Consumption Expenditures (PCE)', 0.5), ('Expectation', 0.4))",fomcminutes20221214.pdf,"['Inflation', 'Personal Consumption Expenditures (PCE)', 'Expectation']","Likewise, the unemployment rate was expected to move above the staff’s estimate of its natural rate near the end of 2024 and remain above it in 2025. On a four-quarter change basis, total PCE price inflation was expected to be 5.5 percent in 2022, while core infla- tion was expected to be 4.7 percent, both lower than in the November projection. With the effects of supply– demand imbalances in goods markets expected to un- wind further and labor and product markets projected to become less tight, the staff continued to forecast that in- flation would decline markedly over the next two years.","['HIRE', 'Average Hourly Earnings', 'maximum employment', 'Personal Consumption Expenditures (PCE)', 'Inflation']"
"Inflation is elevated, largely reflecting factors that are expected to be transitory.","(('Inflation', -0.49), ('Transitory', -0.49),)",monetary20211103a1.pdf,"['Inflation', 'Transitory']","The sectors most adversely affected by the pandemic have improved in recent months, but the summer’s rise in COVID-19 cases has slowed their recovery. Inflation is elevated, largely reflecting factors that are expected to be transitory. Supply and demand imbalances related to the pandemic and the reopening of the economy have contributed to sizable price increases in some sectors.","['Pandemic', 'Inflation', 'Transitory', 'maximum employment', 'Price Stability', 'Personal Consumption Expenditures (PCE)', 'Pandemic', 'Demand', 'Inflation', 'Labor Market', 'Energy Prices']"
Infla- tion continued to run below 2 percent.,"(('Inflation',-0.66))",fomcminutes20210317.pdf,[],"They noted that following a moderation in the pace of the re- covery, indicators of economic activity and employment had turned up recently, although the sectors most ad- versely affected by the pandemic remained weak. Infla- tion continued to run below 2 percent. Overall financial conditions remained accommodative, in part reflecting policy measures to support the economy and the flow of Page 10 Federal Open Market Committee _____________________________________________________________________________________________ credit to U.S. households and businesses.","['Pandemic', 'Cyclically Sensitive Sectors', 'Federal Open Market Committee(FOMC)', 'Financial Stability', 'Credit', 'Federal Reserve', 'Federal Funds Target']"
"In addition to changes to the ON RRP parameters, the deputy manager also noted that the Federal Reserve could consider adjusting its administered rates if undue downward pressure on overnight rates emerged.","(('Repurchase Agreement (repo) Rates',0),( 'Overnight Rate',-0.5))",fomcminutes20210317.pdf,"['Repurchase Agreement (repo) Rates', 'Overnight Rate']","The staff would also monitor money market conditions on an ongoing basis to assess whether any additional adjustments were needed to the ON RRP fa- cility terms. In addition to changes to the ON RRP parameters, the deputy manager also noted that the Federal Reserve could consider adjusting its administered rates if undue downward pressure on overnight rates emerged. Re- sponses to the Desk surveys indicated that many market participants anticipated adjustments to the interest on excess reserves rate and the ON RRP rate at or before the June meeting.","['Overnight Reverse Repurchase Agreement (ON RRP)', 'domestic policy directive', 'Overnight Reverse Repurchase Agreement (ON RRP)', 'Federal Funds Rate', 'domestic policy directive', 'Overnight Rate', 'Federal Funds Target', 'Overnight Reverse Repurchase Agreement (ON RRP)', 'Reserves', 'Interest Rates', 'Federal Funds Rate', 'Repurchase Agreement (repo) Rates']"
That’s really what I was thinking.,"(('', ''),)",FOMCpresconf20240320.pdf,[''],"And, fortunately, with the economy growing, with the labor market strong, and with inflation coming down, we can approach that question carefully and let the data speak on that. That’s really what I was thinking. How much of that inflation that we’ve seen so far this year do you chalk up to one-off calendar adjustment effects following a period of high inflation versus some change in the trend we saw in the second half of last year?","['maximum employment', 'Labor Market', 'Inflation', 'Transitory', 'Price Stability']"
You’re seeing big increases in supply.,"(('Trade', 1),)",FOMCpresconf20240320.pdf,['Trade'],"You’re seeing high job growth. You’re seeing big increases in supply. You’re seeing strong wage growth, but wage growth is gradually moderating down to more sustainable levels.","['maximum employment', 'Cyclically Sensitive Sectors', 'maximum employment', 'Average Hourly Earnings', 'Growth', 'Cyclically Sensitive Sectors']"
"The—if you look at the incoming inflation data that we’ve had for January and February, I think very broadly that suggests that we were right to wait until we’re more confident.","(('Inflation', 0.33),)",FOMCpresconf20240320.pdf,['Inflation'],"I guess I’d put it this way: The—if you look at the incoming inflation data that we’ve had for January and February, I think very broadly that suggests that we were right to wait until we’re more confident. So I think, I think—I didn’t hear anyone dismissing it as not information that we should look at or anything like that.","['Price Stability', 'Economic outlook']"
"The Board of Governors also voted unan- imously to approve establishment of the primary credit rate at the existing level of 0.25 percent, effective March 18, 2021.","((''credit ''),)",fomcminutes20210317.pdf,[],"Consistent with the Committee’s decision to leave the target range for the federal funds rate unchanged, the Board of Governors voted unanimously to leave the in- terest rates on required and excess reserve balances at 0.10 percent. The Board of Governors also voted unan- imously to approve establishment of the primary credit rate at the existing level of 0.25 percent, effective March 18, 2021. Page 12 Federal Open Market Committee _____________________________________________________________________________________________","['Federal Funds Target', 'Federal Funds Rate', 'Board', 'Federal Open Market Committee(FOMC)', 'Interest on Excess Reserves (IOER)', 'Board', 'Federal Open Market Committee(FOMC)', 'Federal Funds Target', 'Board']"
"Overall, the credit quality of mu- nicipalities remained robust amid strong revenues at state and local governments.","(('Credit', 0.8), ('Finance', 0.7), ('Economy', 0.7))",fomcminutes20221214.pdf,"['Credit', 'Finance', 'Economy']","However, measures of expected default probabilities for corporate bonds and leveraged loans had increased from their levels at the beginning of the year in recent months. Overall, the credit quality of mu- nicipalities remained robust amid strong revenues at state and local governments. The credit quality of busi- nesses that borrow from banks remained sound on bal- ance.","['Bond Market', 'Debt', 'Term Premium', 'Credit', 'Credit']"
Several participants commented that they saw diminished risks of severe dis- ruption from the European Union’s embargo and the Group of Seven’s price cap on Russian oil exports.,"(('Risk', 0.6), ('Energy Prices', 0.4), ('Economy', 0.3))",fomcminutes20221214.pdf,"['Risk', 'Energy Prices', 'Economy']","Participants also discussed the developments Minutes of the Meeting of December 13–14, 2022 Page 7 _____________________________________________________________________________________________ in energy and agricultural sectors. Several participants commented that they saw diminished risks of severe dis- ruption from the European Union’s embargo and the Group of Seven’s price cap on Russian oil exports. A couple of participants noted that high costs for inputs like diesel, feed, and fertilizer were creating challenges for the agricultural sector.","['Energy Prices', 'Demand']"
"o Engage in dollar roll and coupon swap transactions as necessary to facilitate settlement of the Federal Reserve's agency MBS transactions.""","(('Federal Reserve', 0.84), ('Securities', 0.84), ('MBS', 0.84),)",monetary20250129a1.pdf,"['Federal Reserve', 'Securities', 'MBS']","o Allow modest deviations from stated amounts for reinvestments, if needed for operational reasons. o Engage in dollar roll and coupon swap transactions as necessary to facilitate settlement of the Federal Reserve's agency MBS transactions."" In a related action, the Board of Governors of the Federal Reserve System voted unanimously to approve the establishment of the primary credit rate at the existing level of 4.5 percent.","['Reinvestment', 'Market Liquidity', 'Digital Dollar', 'Federal Reserve', 'Treasury Securities', 'Monetary Policy', 'Overnight Reverse Repurchase Agreement (ON RRP)', 'Federal Funds Rate', 'Board', 'Interest on Excess Reserves (IOER)', 'Federal Reserve', 'Federal Open Market Committee(FOMC)']"
"In the near term, the 12-month change in PCE prices was expected to move above 2 percent as the low inflation readings from the spring of last year drop out of the calculation.","(('Inflation',-0.66),('Price Stability',-0.99),('Personal Consumption Expenditures (PCE)',0))",fomcminutes20210317.pdf,"['Inflation', 'Price Stability', 'Personal Consumption Expenditures (PCE)']","Participants observed that headline PCE inflation con- tinued to run below 2 percent. In the near term, the 12-month change in PCE prices was expected to move above 2 percent as the low inflation readings from the spring of last year drop out of the calculation. Most par- ticipants also pointed to supply constraints that could contribute to price increases for some goods in coming months as the economy continued to reopen.","['Personal Consumption Expenditures (PCE)', 'Inflation', 'Personal Consumption Expenditures (PCE)', 'Inflation', 'Demand', 'Inflation', 'Labor Market', 'Dual Mandate']"
"The economic outlook is uncertain, and the Committee is attentive to the risks to both sides of its dual mandate.","(('Federal Reserve', 0.58), ('Economy', 0.565),)",monetary20240731a1.pdf,"['Federal Reserve', 'Economy']","The Committee judges that the risks to achieving its employment and inflation goals continue to move into better balance. The economic outlook is uncertain, and the Committee is attentive to the risks to both sides of its dual mandate. In support of its goals, the Committee decided to maintain the target range for the federal funds rate at 5-1/4 to 5-1/2 percent.","['maximum employment', 'Balance', 'Dual Mandate', 'Uncertain', 'Risk', 'Dual Mandate', 'Economic outlook', 'Federal Funds Target', 'Federal Funds Rate', 'Federal Open Market Committee(FOMC)']"
"Consistent with the decline in volatility, model-based measures suggested that a drop in term premiums accounted for much of the decline in Treasury yields over the period.","(('Interest Rates', -0.05), ('Yields', -0.05))",fomcminutes20221214.pdf,"['Interest Rates', 'Yields']","Measures of implied volatility across financial markets declined somewhat from the elevated levels observed in October. Consistent with the decline in volatility, model-based measures suggested that a drop in term premiums accounted for much of the decline in Treasury yields over the period. Equity markets moved higher.","['Term Premium', 'Treasury Securities', 'Equity Markets', 'Financial Markets', 'Market Liquidity', 'Equity Price']"
Participants recognized that Russia’s war against Ukraine was causing tremendous human and economic hardship.,"(('War', -0.9), ('Economy', -0.7), ('Risk', -0.7))",fomcminutes20221214.pdf,"['War', 'Economy', 'Risk']","Inflation remained el- evated, reflecting supply and demand imbalances related to the pandemic, higher food and energy prices, and broader price pressures. Participants recognized that Russia’s war against Ukraine was causing tremendous human and economic hardship. The war and related events were contributing to upward pressure on inflation and were weighing on global economic activity.","['Inflation', 'Price Stability', 'Transitory', 'Energy Prices', 'Monetary Policy', 'War', 'Inflation', 'War', 'Price Stability', 'Transitory']"
"Thank you, Chair Powell.","(('', ''),)",FOMCpresconf20240320.pdf,[''],"Let’s go to Jennifer, for the last question. Thank you, Chair Powell. Jennifer Schonberger with Yahoo Finance.","['Chair', 'Powell']"
"In addition, the volume of nonfinancial corpo- rate credit rating upgrades modestly outpaced down- grades over the first two months of 2021.","(('Credit', 0.33),('Economy', 0.33),('Expectation', 0.33))",fomcminutes20210317.pdf,"['Credit', 'Economy', 'Expectation']","Corporate bond defaults declined in December and Jan- uary and reached levels substantially below their 2019 average. In addition, the volume of nonfinancial corpo- rate credit rating upgrades modestly outpaced down- grades over the first two months of 2021. Market indi- cators of future default expectations moved lower.",['Expectation']
"And then it would be very hard to restart, we think.","(('', ''),)",FOMCpresconf20240320.pdf,[''],"And those parts where they’re not ample, there can be stress, and that can cause you to prematurely stop the process to avoid the stress. And then it would be very hard to restart, we think. So something like that happened in ’19 perhaps.",[]
"Inflation remained el- evated, reflecting supply and demand imbalances related to the pandemic, higher food and energy prices, and broader price pressures.","(('Inflation', -0.8), ('Pandemic', -0.6), ('Demand', -0.5), ('Energy Prices', -0.6), ('Economy', -0.6))",fomcminutes20221214.pdf,"['Inflation', 'Pandemic', 'Demand', 'Energy Prices', 'Economy']","Nonetheless, job gains had been robust in recent months, and the unem- ployment rate had remained low. Inflation remained el- evated, reflecting supply and demand imbalances related to the pandemic, higher food and energy prices, and broader price pressures. Participants recognized that Russia’s war against Ukraine was causing tremendous human and economic hardship.","['maximum employment', 'Unemployment', 'Cyclically Sensitive Sectors', 'HIRE', 'Inflation', 'Price Stability', 'Transitory', 'Energy Prices', 'Monetary Policy', 'War']"
"The manager pro tem noted that if transitory pressures emerged in money markets, the Federal Reserve’s backstop facilities are available to support effective policy implementation and smooth market functioning.","(('Federal Reserve', 0.10), ('Monetary Policy', 0.10), ('Money Markets', -0.05))",fomcminutes20221214.pdf,"['Federal Reserve', 'Monetary Policy', 'Money Markets']","Looking ahead to year end, market participants antici- pated limited pressures. The manager pro tem noted that if transitory pressures emerged in money markets, the Federal Reserve’s backstop facilities are available to support effective policy implementation and smooth market functioning. By unanimous vote, the Committee ratified the Desk’s domestic transactions over the intermeeting period.","['Market Liquidity', 'Demand', 'Cyclically Sensitive Sectors', 'Term Premium', 'Federal Reserve', 'Monetary Policy', 'domestic policy directive', 'Overnight Reverse Repurchase Agreement (ON RRP)', 'Reserves']"
"At this meeting, we discussed issues related to slowing the pace of decline in our securities holdings.","(('', ''),)",FOMCpresconf20240320.pdf,[''],"Turning to our balance sheet, our securities holdings have declined by nearly $1.5 trillion since the Committee began reducing our portfolio. At this meeting, we discussed issues related to slowing the pace of decline in our securities holdings. While we did not make any decisions today on this, the general sense of the Committee is that it will be appropriate to slow the pace of runoff fairly soon, consistent with the plans we previously issued.","['Asset Runoff', 'Balance Sheet', 'Securities', 'Financial Markets', 'Cyclically Sensitive Sectors', 'Asset Runoff']"
"So that—our, our longer-run goal is to return to a balance sheet that is mostly Treasuries.","(('Balance Sheet', 0),('Treasury Securities',0))",FOMCpresconf20240320.pdf,"['Balance Sheet', 'Treasury Securities']","And will there be a discussion about returning to an all- Treasuries balance sheet at some point? So that—our, our longer-run goal is to return to a balance sheet that is mostly Treasuries. I do expect that, once we’re through this, we’ll come back to the other issues about the composition and the maturity and revisit those issues, but it’s, you know, not March 20, 2024 Chair Powell’s Press Conference FINAL Page 18 of 24 urgent right now.","['Balance Sheet', 'Asset Runoff', 'Balance', 'Balance Sheet', 'Asset Runoff', 'Treasury Securities', 'Balance', 'Reinvestment']"
This information will be updated as appropriate to reflect decisions of the Federal Open Market Committee or the Board of Governors regarding details of the Federal Reserve's operational tools and approach used to implement monetary policy.,"(('Federal Reserve', 0.925), ('Monetary Policy', 0.909), ('Federal Open Market Committee(FOMC)', 0.925),)",monetary20250129a1.pdf,"['Federal Reserve', 'Monetary Policy', 'Federal Open Market Committee(FOMC)']",(more) -2- This information will be updated as appropriate to reflect decisions of the Federal Open Market Committee or the Board of Governors regarding details of the Federal Reserve's operational tools and approach used to implement monetary policy. More information regarding open market operations and reinvestments may be found on the Federal Reserve Bank of New York's website.,"['domestic policy directive', 'Federal Reserve', 'Board', 'Federal Open Market Committee(FOMC)', 'Monetary Policy', 'Federal Open Market Committee(FOMC)', 'Federal Reserve', 'Equity Markets', 'Reinvestment', 'Financial Markets']"
The Committee seeks to achieve maximum employment and inflation at the rate of 2 percent over the longer run.,"(('Federal Reserve', 0.597), ('Inflation', 0.66), ('Employment', 0.648),)",ARP_07.2023.pdf,"['Federal Reserve', 'Inflation', 'Employment']","The Committee remains highly attentive to inflation risks. The Committee seeks to achieve maximum employment and inflation at the rate of 2 percent over the longer run. In support of these goals, the Committee decided to raise the target range for the federal funds rate to 5-1/4 to 5-1/2 percent.","['Price Stability', 'maximum employment', 'Federal Open Market Committee(FOMC)', 'maximum employment', 'Dual Mandate', 'Federal Open Market Committee(FOMC)', 'Inflation', 'Federal Funds Target', 'Federal Open Market Committee(FOMC)', 'Federal Funds Rate']"
"C&I loans continued to grow in October and November but decelerated relative to the third-quarter pace, moderating the robust rate of growth observed earlier this year.","(('Economy', 0.32))",fomcminutes20221214.pdf,[],"Business loan originations continued to expand in Octo- ber and November but at a slower pace than observed in previous months. C&I loans continued to grow in October and November but decelerated relative to the third-quarter pace, moderating the robust rate of growth observed earlier this year. Nonetheless, the volume of Minutes of the Meeting of December 13–14, 2022 Page 5 _____________________________________________________________________________________________",[]
"For commercial real estate (CRE) financed through cap- ital markets, financing conditions remained accommo- dative over the intermeeting period.","(('Economy',0.33),('Expectation', 0.33))",fomcminutes20210317.pdf,"['Economy', 'Expectation']","Municipal market financing conditions stayed accom- modative over the intermeeting period. For commercial real estate (CRE) financed through cap- ital markets, financing conditions remained accommo- dative over the intermeeting period. Agency CMBS spreads narrowed further with strong issuance in De- cember and January.","['Money Market', 'Financial Stability', 'Finance', 'Bond Market', 'Market Liquidity', 'Money Market', 'Asset Runoff', 'Finance']"
"The longer-run projections represented each participant’s assessment of the rate to which each variable would be expected to converge, over time, un- der appropriate monetary policy and in the absence of further shocks to the economy.","(('Expectation', 0.4), ('Monetary Policy', 0.3), ('Economy', 0.3))",fomcminutes20221214.pdf,"['Expectation', 'Monetary Policy', 'Economy']","In conjunction with this FOMC meeting, participants submitted their projections of the most likely outcomes for real GDP growth, the unemployment rate, and infla- tion for each year from 2022 through 2025 and over the longer run, based on their individual assessments of ap- propriate monetary policy, including the path of the fed- eral funds rate. The longer-run projections represented each participant’s assessment of the rate to which each variable would be expected to converge, over time, un- der appropriate monetary policy and in the absence of further shocks to the economy. A Summary of Eco- nomic Projections was released to the public following the conclusion of the meeting.","['Federal Open Market Committee(FOMC)', 'Economic outlook', 'Federal Funds Target', 'Monetary Policy', 'domestic policy directive', 'Economic outlook', 'Monetary Policy', 'domestic policy directive', 'Economic outlook']"
A couple of participants remarked that excess savings likely would continue to support con- sumption spending for a while.,"(('Expectation', 0.5), ('Growth', 0.4), ('Economy', 0.4))",fomcminutes20221214.pdf,"['Expectation', 'Growth', 'Economy']","In their discussion of the household sector, participants noted that growth in consumer spending in September and October had been stronger than they had previously expected, likely supported by a strong labor market and households running down excess savings accumulated during the pandemic. A couple of participants remarked that excess savings likely would continue to support con- sumption spending for a while. A couple of other par- ticipants, however, commented that excess savings, par- ticularly among low-income households, appeared to be lower and declining more rapidly than previously thought or that the savings, the majority of which ap- peared to be held by higher-income households, might continue to be largely unspent.",['Pandemic']
"Alongside the rise in U.S. yields, broad U.S. equity price indexes increased moderately, with the largest gains in cyclically sensitive sectors.","(('Federal Open Market Committee(FOMC)', 0), ('Yields', 0.9),('Cyclically Sensitive Sectors',1))",fomcminutes20210317.pdf,"['Federal Open Market Committee(FOMC)', 'Yields', 'Cyclically Sensitive Sectors']","Contacts noted that these expectations have been held steady by policymaker communications emphasizing both the need to see realized progress toward the Committee’s goals and the intent to communicate well in advance of the time when progress could be judged substantial enough to warrant a change in the pace of purchases. Alongside the rise in U.S. yields, broad U.S. equity price indexes increased moderately, with the largest gains in cyclically sensitive sectors. The rise in U.S. yields was also accompanied by increases in sovereign yields in other advanced economies.","['Expectation', 'Yields', 'Financial Markets', 'Yields', 'US dollar Appreciation', 'Inflation', 'Foreign Currencies', 'Treasury Securities']"
"Participants generally noted that the Commit- tee’s future decisions regarding policy would continue to be informed by the incoming data and their implications for the outlook for economic activity and inflation, and that the Committee would continue to make decisions meeting by meeting.","(('Monetary Policy', 0.6), ('Expectation', 0.5), ('Economy', 0.5), ('Inflation', 0.4))",fomcminutes20221214.pdf,"['Monetary Policy', 'Expectation', 'Economy', 'Inflation']","In light of the heightened uncertainty regarding the out- looks for both inflation and real economic activity, most participants emphasized the need to retain flexibility and optionality when moving policy to a more restrictive stance. Participants generally noted that the Commit- tee’s future decisions regarding policy would continue to be informed by the incoming data and their implications for the outlook for economic activity and inflation, and that the Committee would continue to make decisions meeting by meeting. Participants reaffirmed their strong commitment to re- turning inflation to the Committee’s 2 percent objective.","['domestic policy directive', 'Price Stability', 'Dual Mandate', 'Press Conference', 'Economic outlook', 'Expectation', 'Price Stability']"
Members anticipated that ongoing increases in the target range would be ap- propriate in order to attain a stance of monetary policy that is sufficiently restrictive to return inflation to 2 per- cent over time.,"(('Inflation', -0.152), ('Monetary Policy', 0.627),)",fomcminutes20221214.pdf,"['Inflation', 'Monetary Policy']","In support of these goals, members agreed to raise the target range for the federal funds rate to 4¼ to 4½ percent. Members anticipated that ongoing increases in the target range would be ap- propriate in order to attain a stance of monetary policy that is sufficiently restrictive to return inflation to 2 per- cent over time. Members agreed that, in determining the pace of future increases in the target range, they would take into account the cumulative tightening of monetary policy, the lags with which monetary policy affects eco- nomic activity and inflation, and economic and financial developments.","['Federal Funds Target', 'Federal Funds Rate', 'Federal Open Market Committee(FOMC)', 'Inflation', 'domestic policy directive', 'Dual Mandate', 'Monetary Policy', 'Price Stability', 'Monetary Policy', 'domestic policy directive', 'Transitory', 'Price Stability', 'Federal Funds Target']"
The Committee is attentive to the risks to both sides of its dual mandate and judges that the risks of higher unemployment and higher inflation have risen.,"(('Federal Reserve', 0.534), ('Inflation', -0.298), ('Unemployment', -0.593), ('Risk', 0.534), ('Dual Mandate', 0.534),)",monetary20250507a1.pdf,"['Federal Reserve', 'Inflation', 'Unemployment', 'Risk', 'Dual Mandate']","Uncertainty about the economic outlook has increased further. The Committee is attentive to the risks to both sides of its dual mandate and judges that the risks of higher unemployment and higher inflation have risen. In support of its goals, the Committee decided to maintain the target range for the federal funds rate at 4-1/4 to 4-1/2 percent.","['Economic outlook', 'Uncertain', 'Expectation', 'Risk', 'Dual Mandate', 'Federal Funds Target', 'Federal Funds Rate', 'Federal Open Market Committee(FOMC)', 'Dual Mandate']"
"The Board of Governors of the Federal Reserve System voted unanimously to maintain the interest rate paid on required and excess reserve balances at 0.10 percent, effective April 30, 2020.","(('Federal Reserve', 0.0), ('Interest Rates', 0.0), ('Monetary Policy', 0.0), ('Reserve', 0.0))",ARP_04.2020.pdf,"['Federal Reserve', 'Interest Rates', 'Monetary Policy', 'Reserve']","The Federal Reserve has made the following decisions to implement the monetary policy stance announced by the Federal Open Market Committee in its statement on April 29, 2020: The Board of Governors of the Federal Reserve System voted unanimously to maintain the interest rate paid on required and excess reserve balances at 0.10 percent, effective April 30, 2020. As part of its policy decision, the Federal Open Market Committee voted to authorize and direct the Open Market Desk at the Federal Reserve Bank of New York, until instructed otherwise, to execute transactions in the System Open Market Account in accordance with the following domestic policy directive: “Effective April 30, 2020, the Federal Open Market Committee directs the Desk to: o Undertake open market operations as necessary to maintain the federal funds rate in a target range of 0 to 1/4 percent.","['Federal Reserve', 'Monetary Policy', 'Powell', 'Interest on Excess Reserves (IOER)', 'domestic policy directive', 'Federal Open Market Committee(FOMC)', 'Federal Funds Target', 'Federal Funds Rate', 'SOMA', 'Board']"
"In particular, the concentration of job losses among lower-wage workers since early last year had resulted in outsized increases in average hourly earnings and com- pensation per hour that were not indicative of tight labor market conditions.","(('Average Hourly Earnings',-0.1),( 'Employment',-0.5))",fomcminutes20210317.pdf,"['Average Hourly Earnings', 'Employment']","The gains in both these measures, however, continued to be domi- nated by changes in the composition of the workforce. In particular, the concentration of job losses among lower-wage workers since early last year had resulted in outsized increases in average hourly earnings and com- pensation per hour that were not indicative of tight labor market conditions. By contrast, the employment cost index of total hourly compensation in the private sector rose 2.6 percent over the 12 months of last year, and a staff estimate of the 12-month change in the median wage derived from the ADP data was 3.2 percent in Jan- uary.","['Cyclically Sensitive Sectors', 'Average Hourly Earnings', 'Employment', 'Labor Market', 'Average Hourly Earnings', 'Labor Market', 'Unemployment', 'HIRE', 'Employment', 'Average Hourly Earnings', 'Labor Market']"
"March 20, 2024 Chair Powell’s Press Conference FINAL Page 3 of 24 The Committee decided at today’s meeting to maintain the target range for the federal funds rate at 5¼ to 5½ percent and to continue the process of significantly reducing our securities holdings.","(('Federal Reserve', 0.812),)",FOMCpresconf20240320.pdf,['Federal Reserve'],"We are strongly committed to returning inflation to our 2 percent objective. March 20, 2024 Chair Powell’s Press Conference FINAL Page 3 of 24 The Committee decided at today’s meeting to maintain the target range for the federal funds rate at 5¼ to 5½ percent and to continue the process of significantly reducing our securities holdings. As labor market tightness has eased and progress on inflation has continued, the risks to achieving our employment and inflation goals are coming into better balance.","['Price Stability', 'Dual Mandate', 'Inflation', 'Monetary Policy', 'maximum employment', 'Federal Funds Target', 'Powell', 'Federal Open Market Committee(FOMC)', 'Chair', 'Federal Funds Rate', 'Price Stability', 'maximum employment', 'Labor Market', 'Dual Mandate']"
"We’ll look at the totality of the data, including everything essentially as we make that assessment.","(('', ''),)",FOMCpresconf20240320.pdf,[''],"And, I mean, of course we’ll also be looking at all the other things that are happening in the economy. We’ll look at the totality of the data, including everything essentially as we make that assessment. But the most important thing will be the inflation data coming in.","['Economic outlook', 'maximum employment', 'Inflation', 'Economic outlook', 'domestic policy directive', 'Personal Consumption Expenditures (PCE)']"
"We’re looking at what would be a good time and what would be a good structure, and “fairly soon” is words that we use to mean fairly soon.","(('', ''),)",FOMCpresconf20240320.pdf,[''],"So that’s what we’re doing. We’re looking at what would be a good time and what would be a good structure, and “fairly soon” is words that we use to mean fairly soon. And will there be a discussion about returning to an all- Treasuries balance sheet at some point?","['Balance Sheet', 'Asset Runoff', 'Balance']"
"o Allow modest deviations from stated amounts for reinvestments, if needed for operational reasons.","(('Monetary Policy', 0.0), ('Reinvestments', 0.0))",monetary20220504a1.pdf,"['Monetary Policy', 'Reinvestments']","o Reinvest into agency mortgage-backed securities (MBS) the amount of principal payments from the Federal Reserve's holdings of agency debt and agency MBS received in the calendar month of June that exceeds a monthly cap of $17.5 billion. o Allow modest deviations from stated amounts for reinvestments, if needed for operational reasons. o Engage in dollar roll and coupon swap transactions as necessary to facilitate settlement of the Federal Reserve's agency MBS transactions.”","['Mortgage-Backed Securities', 'Reinvestment', 'Treasury Securities', 'Securities', 'Mortgage', 'Reinvestment', 'Market Liquidity', 'Digital Dollar', 'Treasury Securities', 'Federal Reserve', 'Monetary Policy']"
Developments in Financial Markets and Open Market Operations The manager turned first to a discussion of financial market developments.,"(('', ''),)",fomcminutes20210317.pdf,[''],"The revised FOIA rules, which include a range of minor and technical updates, will become effective 30 days after the forthcoming pub- lication of the final rule in the Federal Register. Developments in Financial Markets and Open Market Operations The manager turned first to a discussion of financial market developments. In the United States, the trend toward higher longer-term yields observed in recent months accelerated over the intermeeting period, and far-forward real rates based on Treasury Inflation- Protected Securities (TIPS) rose considerably.","['Financial Markets', 'Equity Markets', 'Market Liquidity', 'Bond Market', 'Finance', 'Finance', 'Financial Markets', 'Money Market', 'Bond Market', 'Yields', 'Treasury Securities', 'Term Premium', 'Inflation', 'US dollar Appreciation']"
"For media inquiries, please email media@frb.gov or call 202-452-2955.","(('', ''),)",ARP_07.2023.pdf,[''],"Voting for the monetary policy action were Jerome H. Powell, Chair; John C. Williams, Vice Chair; Michael S. Barr; Michelle W. Bowman; Lisa D. Cook; Austan D. Goolsbee; Patrick Harker; Philip N. Jefferson; Neel Kashkari; Lorie K. Logan; and Christopher J. Waller. For media inquiries, please email media@frb.gov or call 202-452-2955. Attachment For release at 2:00 p.m. EDT July 26, 2023 Decisions Regarding Monetary Policy Implementation","['Powell', 'Chair', 'Board', 'domestic policy directive', 'Federal Reserve', 'Press Conference', 'domestic policy directive', 'Monetary Policy', 'Powell', 'SOMA', 'Federal Reserve']"
"Job gains have been robust in recent months, and the unemployment rate has remained low.","(('Employment', -0.929), ('Unemployment', -0.629),)",ARP_07.2023.pdf,"['Employment', 'Unemployment']","Recent indicators suggest that economic activity has been expanding at a moderate pace. Job gains have been robust in recent months, and the unemployment rate has remained low. Inflation remains elevated.","['Development', 'Economic outlook', 'Growth', 'Cyclically Sensitive Sectors', 'Economy/ Economic', 'Unemployment', 'maximum employment', 'Inflation', 'maximum employment', 'Price Stability', 'Transitory', 'Personal Consumption Expenditures (PCE)']"
"In addition, inflation was forecast to be temporarily boosted this year by the expected emergence of some production bottlenecks and supply constraints.","(('Inflation',0.33),('Expectation',0.33),('Risk', -0.2))",fomcminutes20210317.pdf,"['Inflation', 'Expectation', 'Risk']","The 12-month changes in total and core PCE prices were expected to transitorily move above 2 percent in coming months, as the low inflation readings from the spring of last year dropped out of the calculation window. In addition, inflation was forecast to be temporarily boosted this year by the expected emergence of some production bottlenecks and supply constraints. Following the transitory increase this year, inflation was projected to run a bit below 2 percent next year and then to reach 2 percent by 2023, reflecting tight resource utilization in product and labor markets.","['Personal Consumption Expenditures (PCE)', 'Transitory', 'Inflation', 'Price Stability', 'Transitory', 'Economic outlook', 'maximum employment', 'Inflation', 'Transitory', 'Price Stability', 'maximum employment']"
"Fi- nancing conditions for businesses with access to capital markets and households with high credit scores re- mained broadly accommodative, but conditions stayed tight for other borrowers.",,fomcminutes20210317.pdf,[],"Consistent with the stronger outlook, spreads on high-yield corporate bonds narrowed. Fi- nancing conditions for businesses with access to capital markets and households with high credit scores re- mained broadly accommodative, but conditions stayed tight for other borrowers. The Treasury yield curve steepened over the intermeet- ing period, with 5- and 10-year yields rising markedly.","['Bond Market', 'Treasury Securities', 'Term Premium', 'Yields', 'Financial Stability', 'Credit', 'Mortgage-Backed Securities', 'Federal Funds Target', 'Mortgage', 'Treasury Securities', 'Yields']"
Both market- and survey-based measures con- tinued to point to expectations for a moderation of in- flation over the coming year.,"(('Inflation', 0.10))",fomcminutes20221214.pdf,[],"However, the Desk survey-based measures of inflation expectations were lit- tle changed from the prior survey, suggesting that falling inflation risk premiums may have contributed to the moves. Both market- and survey-based measures con- tinued to point to expectations for a moderation of in- flation over the coming year. Regarding the outlook for monetary policy, both mar- ket- and Desk survey-based measures indicated expecta- tions for the Committee to maintain elevated policy rates through 2023.","['Inflation', 'domestic policy directive', 'Monetary Policy', 'Powell', 'Economic outlook', 'Expectation']"
There were no intervention operations in foreign currencies for the System’s account during the intermeeting period.,"(('Monetary Policy', 0.0), ('Countries', 0.0), ('Foreign Currencies', 0.0))",fomcminutes20221214.pdf,"['Monetary Policy', 'Countries', 'Foreign Currencies']","By unanimous vote, the Committee ratified the Desk’s domestic transactions over the intermeeting period. There were no intervention operations in foreign currencies for the System’s account during the intermeeting period. Minutes of the Meeting of December 13–14, 2022 Page 3 _____________________________________________________________________________________________",['Foreign Currencies']
Redeem Treasury coupon securities up to this monthly cap and Treasury bills to the extent that coupon principal payments are less than the monthly cap.,"(('Securities', 0),)",monetary20250507a1.pdf,['Securities'],o Roll over at auction the amount of principal payments from the Federal Reserve's holdings of Treasury securities maturing in each calendar month that exceeds a cap of $5 billion per month. Redeem Treasury coupon securities up to this monthly cap and Treasury bills to the extent that coupon principal payments are less than the monthly cap. o Reinvest the amount of principal payments from the Federal Reserve's holdings of agency debt and agency mortgage-backed securities (MBS) received in each calendar month that exceeds a cap of $35 billion per month into Treasury securities to roughly match the maturity composition of Treasury securities outstanding.,"['auction', 'Treasury Securities', 'SOMA', 'Treasury Securities', 'Repurchase Agreement (repo) Rates', 'Bond Market', 'Repo Markets', 'Treasury Securities', 'Reinvestment', 'Mortgage-Backed Securities', 'Maturity', 'Asset Runoff']"
We are fully committed to returning inflation to our 2 percent goal.,"(('Inflation', -0.716),)",FOMCpresconf20240320.pdf,['Inflation'],"But inflation is still too high, ongoing progress in bringing it down is not assured, and the path forward is uncertain. We are fully committed to returning inflation to our 2 percent goal. Restoring price stability is essential to achieve a sustainably strong labor market that benefits all.","['Price Stability', 'maximum employment', 'Inflation', 'Uncertain', 'Monetary Policy', 'Dual Mandate', 'Monetary Policy', 'Price Stability', 'Inflation', 'maximum employment', 'Price Stability', 'Dual Mandate', 'Financial Stability', 'maximum employment', 'Labor Market']"
"Then, though, you reach a point ultimately where you stop allowing the balance sheet to run off and you—but then, from that point, there’s another period in which nonreserves—nonreserve liabilities grow organically, like currency, and that also shrinks the reserves at a very slow pace.","(('Balance Sheet', 0),)",FOMCpresconf20240320.pdf,['Balance Sheet'],"We’re going to be looking at what these— what’s happening in money markets, in particular—a bunch of different indicators, including the ones I mentioned, to tell us when we’re getting close. Then, though, you reach a point ultimately where you stop allowing the balance sheet to run off and you—but then, from that point, there’s another period in which nonreserves—nonreserve liabilities grow organically, like currency, and that also shrinks the reserves at a very slow pace. So you have a, you know, a slower pace of runoff, which we’ll have fairly soon.","['Money Market', 'Financial Markets', 'Economic outlook', 'Personal Consumption Expenditures (PCE)', 'Monetary Policy', 'Asset Runoff', 'Balance Sheet', 'Balance', 'Reserves', 'Interest on Excess Reserves (IOER)', 'Asset Runoff']"
Many participants highlighted that the Committee needed to continue to balance two risks.,"(('', ''),)",fomcminutes20221214.pdf,[''],"Participants discussed a number of risk-management considerations related to the conduct of monetary pol- icy. Many participants highlighted that the Committee needed to continue to balance two risks. One risk was that an insufficiently restrictive monetary policy could cause inflation to remain above the Committee’s target for longer than anticipated, leading to unanchored infla- tion expectations and eroding the purchasing power of households, especially for those already facing difficulty making ends meet.","['Risk', 'Monetary Policy', 'Overnight Reverse Repurchase Agreement (ON RRP)', 'Risk', 'domestic policy directive', 'Inflation', 'Price Stability', 'Monetary Policy', 'Personal Consumption Expenditures (PCE)']"
"Amid stable market conditions, there was no take-up in the Money Market Mutual Fund Liquidity Fa- cility or the Commercial Paper Funding Facility.","(('Money Market',0.66),('Risk',0.33),",fomcminutes20210317.pdf,[],"There continued to be no par- ticipation in the Federal Reserve’s repo operations, but participation in the Federal Reserve’s ON RRP increased a little. Amid stable market conditions, there was no take-up in the Money Market Mutual Fund Liquidity Fa- cility or the Commercial Paper Funding Facility. Improved U.S. economic growth prospects and opti- mism about the eventual lifting of social-distancing and related restrictions globally were major drivers of asset prices abroad, spurring sizable increases in sovereign Page 6 Federal Open Market Committee _____________________________________________________________________________________________ yields in advanced foreign economies.","['Overnight Reverse Repurchase Agreement (ON RRP)', 'Repurchase Agreement (repo) Rates', 'Board', 'Federal Reserve', 'Market Liquidity', 'Money Market', 'Asset Runoff', 'Yields', 'Development', 'Countries']"
Can you reconcile these views for me?,"(('', ''),)",FOMCpresconf20240320.pdf,[''],"At the same time, you said here after the last meeting that the first cut is highly consequential. Can you reconcile these views for me? If rates are well above March 20, 2024 Chair Powell’s Press Conference FINAL Page 7 of 24 neutral, why would the first cut be highly consequential?","['Powell', 'Chair']"
"The revised FOIA rules, which include a range of minor and technical updates, will become effective 30 days after the forthcoming pub- lication of the final rule in the Federal Register.","(('Regulatory Implementation', 0))",fomcminutes20210317.pdf,[],"Policy and Markets Manager, Federal Reserve Bank of New York Michael Junho Lee,2 Economist, Federal Reserve Bank of New York Action to Adopt Changes to the Committee’s Rules Regarding Availability of Information By unanimous vote, the Committee approved a final rule that revises its Rules Regarding Availability of Infor- mation, which are the Committee’s Freedom of Infor- mation Act (FOIA) rules. The revised FOIA rules, which include a range of minor and technical updates, will become effective 30 days after the forthcoming pub- lication of the final rule in the Federal Register. Developments in Financial Markets and Open Market Operations The manager turned first to a discussion of financial market developments.","['Interest on Excess Reserves (IOER)', 'Federal Open Market Committee(FOMC)', 'Powell', 'domestic policy directive', 'Board', 'Financial Markets', 'Equity Markets', 'Market Liquidity', 'Bond Market', 'Finance', 'Finance', 'Financial Markets', 'Money Market', 'Bond Market']"
Staff indicated that they would con- tinue to monitor money market conditions closely as bal- ance sheet reduction proceeds.,"(('Monetary Policy', 0.0), ('Money Market', 0.0), ('Balance Sheet', 0.24))",fomcminutes20221214.pdf,"['Monetary Policy', 'Money Market', 'Balance Sheet']","Over time, greater competition among banks for funding could contribute to drawdowns in the ON RRP facility. Staff indicated that they would con- tinue to monitor money market conditions closely as bal- ance sheet reduction proceeds. Looking ahead to year end, market participants antici- pated limited pressures.","['Overnight Reverse Repurchase Agreement (ON RRP)', 'Banking System', 'Market Liquidity', 'Demand', 'Cyclically Sensitive Sectors', 'Term Premium']"
"Moreover, additional federal support for state and local governments included in the ARP, along with an improved outlook for state and local tax reve- nues, pointed to further notable increases in state and local purchases. Data for December and January showed a narrower nominal U.S. international trade deficit than in Novem- ber.","(('Fiscal Policy',0.66),( 'Expectation',0.33),('Economy',0.33),('Growth',0.33))",fomcminutes20210317.pdf,"['Fiscal Policy', 'Expectation', 'Economy', 'Growth']","State and local government purchases looked to be increasing, as the payrolls of these governments expanded, on net, over January and February, and nom- inal state and local construction spending increased sol- idly in January. Moreover, additional federal support for state and local governments included in the ARP, along with an improved outlook for state and local tax reve- nues, pointed to further notable increases in state and local purchases. Data for December and January showed a narrower nominal U.S. international trade deficit than in Novem- ber. Both imports and exports continued to rebound Minutes of the Meeting of March 16–17, 2021 Page 5 _____________________________________________________________________________________________ from their collapse in the first half of last year.",['Trade']
"The sectors most adversely affected by the pandemic have improved in recent months, but the summer’s rise in COVID-19 cases has slowed their recovery.","(('Coronavirus', 0),)",monetary20211103a1.pdf,['Coronavirus'],"With progress on vaccinations and strong policy support, indicators of economic activity and employment have continued to strengthen. The sectors most adversely affected by the pandemic have improved in recent months, but the summer’s rise in COVID-19 cases has slowed their recovery. Inflation is elevated, largely reflecting factors that are expected to be transitory.","['Development', 'Economic outlook', 'Employment', 'Pandemic', 'Inflation', 'Transitory', 'maximum employment', 'Price Stability', 'Personal Consumption Expenditures (PCE)']"
This information will be updated as appropriate to reflect decisions of the Federal Open Market Committee or the Board of Governors regarding details of the Federal Reserve's operational tools and approach used to implement monetary policy.,"(('Federal Reserve', 0), ('Monetary Policy', 0))",ARP_07.2023.pdf,"['Federal Reserve', 'Monetary Policy']","Minneapolis, Kansas City, Dallas, and San Francisco. This information will be updated as appropriate to reflect decisions of the Federal Open Market Committee or the Board of Governors regarding details of the Federal Reserve's operational tools and approach used to implement monetary policy. More information regarding open market operations and reinvestments may be found on the Federal Reserve Bank of New York's website.","['domestic policy directive', 'Federal Reserve', 'Board', 'Federal Open Market Committee(FOMC)', 'Monetary Policy', 'Federal Open Market Committee(FOMC)', 'Federal Reserve', 'Equity Markets', 'Reinvestment', 'Financial Markets']"
"After narrowing in the third quarter, the nominal U.S. international trade deficit widened in October.","(('Trade', -0.35), ('Economy', -0.25), ('GDP', -0.25), ('Countries', 0.0))",fomcminutes20221214.pdf,"['Trade', 'Economy', 'GDP', 'Countries']","A decrease in factory output would be consistent with recent readings from national and regional manufacturing surveys, which showed de- clining new orders and a drawdown in order backlogs. After narrowing in the third quarter, the nominal U.S. international trade deficit widened in October. Real goods exports fell, led by declines in exports of industrial supplies and consumer goods.","['Cyclically Sensitive Sectors', 'Trade']"
"Auto loan balances continued to grow in January, while credit card balances declined.","(('Credit',-0.66),('Risk', -0.33))",fomcminutes20210317.pdf,"['Credit', 'Risk']","Financing conditions in consumer credit markets re- mained generally accommodative for borrowers with strong credit scores but were still tight for those with nonprime scores. Auto loan balances continued to grow in January, while credit card balances declined. Interest rates on new credit card offers to borrowers with prime credit scores continued to trend down, on net, through December.","['Credit', 'Mortgage', 'Financial Stability', 'Mortgage-Backed Securities', 'Interest Rates', 'Federal Funds Rate', 'Federal Funds Target', 'Overnight Rate', 'Credit']"
The information available at the time of the Decem- ber 13–14 meeting suggested that U.S. real gross domes- tic product (GDP) was increasing at a modest pace in the fourth quarter of 2022 after expanding strongly in the third quarter.,"(('GDP', 0.36), ('Countries', 0.0), ('Economy', 0.34))",fomcminutes20221214.pdf,"['GDP', 'Countries', 'Economy']",Staff Review of the Economic Situation The information available at the time of the Decem- ber 13–14 meeting suggested that U.S. real gross domes- tic product (GDP) was increasing at a modest pace in the fourth quarter of 2022 after expanding strongly in the third quarter. Labor market conditions eased somewhat over October and November but remained quite tight.,"['GDP', 'Labor Market', 'Unemployment']"
"As of February, payroll employment had re- traced somewhat more than half of the losses seen since the onset of the pandemic.","(('Employment',0.66),( 'Pandemic',-0.2))",fomcminutes20210317.pdf,"['Employment', 'Pandemic']","Total nonfarm payroll employment increased solidly over January and February after softening at the end of last year. As of February, payroll employment had re- traced somewhat more than half of the losses seen since the onset of the pandemic. The unemployment rate fell to 6.2 percent in February.","['Average Hourly Earnings', 'maximum employment', 'Employment', 'Pandemic', 'Average Hourly Earnings', 'Unemployment']"
"My colleagues and I are acutely aware that high inflation imposes significant hardship as it erodes purchasing power, especially for those least able to meet the higher costs of essentials like food, housing, and transportation.","(('Inflation', 0.429),)",FOMCpresconf20240320.pdf,['Inflation'],"The Fed’s monetary policy actions are guided by our mandate to promote maximum employment and stable prices for the American people. My colleagues and I are acutely aware that high inflation imposes significant hardship as it erodes purchasing power, especially for those least able to meet the higher costs of essentials like food, housing, and transportation. We are strongly committed to returning inflation to our 2 percent objective.","['Dual Mandate', 'domestic policy directive', 'Monetary Policy', 'Federal Reserve', 'Federal Funds Target', 'Inflation', 'maximum employment', 'Price Stability', 'Transitory', 'Dual Mandate', 'Price Stability', 'Dual Mandate', 'Inflation', 'Monetary Policy', 'maximum employment']"
"Market depth became thin, and bid-ask spreads widened, but Treasury market liquidity gradually recov- ered over the following days.","(('Market Liquidity',-0.33), ('Risk',-0.5))",fomcminutes20210317.pdf,"['Market Liquidity', 'Risk']","On February 25, yields rose especially sharply. Market depth became thin, and bid-ask spreads widened, but Treasury market liquidity gradually recov- ered over the following days. Swaption-implied volatili- ties of longer-term interest rates rose notably.","['Yields', 'Market Liquidity', 'auction', 'Interest Rates', 'Repurchase Agreement (repo) Rates']"
Inflation remains elevated.,"(('Inflation', -0.481),)",ARP_07.2023.pdf,['Inflation'],"Job gains have been robust in recent months, and the unemployment rate has remained low. Inflation remains elevated. The U.S. banking system is sound and resilient.","['Unemployment', 'maximum employment', 'Inflation', 'maximum employment', 'Price Stability', 'Transitory', 'Personal Consumption Expenditures (PCE)', 'Banking System', 'Financial Stability', 'Federal Reserve']"
"Investors reacted positively to news of an easing of COVID restrictions in China, which drove risky asset prices significantly higher despite near-term challenges associated with the health policy shift.","(('Countries', 0.0), ('Pandemic', 0.66), ('Risk', -0.55), ('Economy', 0.65), ('Financial Markets', 0.64), ('Pandemic', 0.05))",fomcminutes20221214.pdf,"['Countries', 'Pandemic', 'Risk', 'Economy', 'Financial Markets', 'Pandemic']","The foreign exchange value of the dollar depreciated against most foreign currencies, par- ticularly against those of advanced foreign economies, in part reflecting a narrowing of near-term yield differen- tials between the United States and other advanced economies. Investors reacted positively to news of an easing of COVID restrictions in China, which drove risky asset prices significantly higher despite near-term challenges associated with the health policy shift. Emerging market fund outflows moderated and turned to inflows later in the intermeeting period.","['US dollar Depreciation', 'Foreign Currencies', 'US dollar Appreciation', 'GDP', 'Yields', 'US dollar Appreciation', 'Development', 'Pandemic', 'Risk', 'Balance', 'Development', 'Federal Open Market Committee(FOMC)']"
"Real goods imports rose, driven by increases in imports of industrial supplies, which more than offset declines in imports of capital goods and consumer goods.","(('Trade', 0.05), ('Economy', 0.05), ('GDP', 0.02), ('Countries', 0.0))",fomcminutes20221214.pdf,"['Trade', 'Economy', 'GDP', 'Countries']","Real goods exports fell, led by declines in exports of industrial supplies and consumer goods. Real goods imports rose, driven by increases in imports of industrial supplies, which more than offset declines in imports of capital goods and consumer goods. Exports of services rose, in part as travel exports continued to recover, while im- ports of services were little changed.","['Trade', 'Inflation']"
"Assets under management (AUM) of government money market funds (MMFs) rose over the intermeeting period, whereas AUM of prime MMFs declined somewhat.","(('Money Market',0.33),('Risk',-0.33))",fomcminutes20210317.pdf,"['Money Market', 'Risk']","Spreads on commer- cial paper and negotiable certificates of deposit across different tenors were little changed and remained near historically low levels. Assets under management (AUM) of government money market funds (MMFs) rose over the intermeeting period, whereas AUM of prime MMFs declined somewhat. The effective federal funds rate and the Secured Over- night Financing Rate averaged 7 basis points and 3 basis points, respectively, over the intermeeting period, de- creasing somewhat relative to the previous intermeeting period average amid a net decrease in Treasury bill issu- ance and rising reserves.","['Money Market', 'Finance', 'Federal Funds Rate', 'Market Liquidity', 'Federal Funds Rate', 'Federal Funds Target', 'Overnight Rate', 'Federal Open Market Committee(FOMC)', 'Overnight Reverse Repurchase Agreement (ON RRP)']"
Consumer price inflation through January—as measured by the 12-month percentage change in the price index for personal consumption expenditures (PCE)—re- mained well below 2 percent.,"(('Price Stability',0),( 'Inflation',-0.9))",fomcminutes20210317.pdf,"['Price Stability', 'Inflation']","Labor market conditions improved in January and February, but em- ployment was still well below its level at the start of 2020. Consumer price inflation through January—as measured by the 12-month percentage change in the price index for personal consumption expenditures (PCE)—re- mained well below 2 percent. Total nonfarm payroll employment increased solidly over January and February after softening at the end of last year.","['Labor Market', 'Unemployment', 'Personal Consumption Expenditures (PCE)', 'Inflation', 'Price Stability', 'Demand', 'Average Hourly Earnings', 'maximum employment', 'Employment']"
"On balance, the unemployment rate for Af- rican Americans edged down over those two months, while the unemployment rate for Hispanics increased slightly; the unemployment rates for both groups re- mained above the national measure.","(('Unemployment', -0.32), ('Labor Market', -0.27), ('Economy', -0.15))",fomcminutes20221214.pdf,"['Unemployment', 'Labor Market', 'Economy']","The unemployment rate moved up 0.2 percentage point to 3.7 percent in October and remained at that rate in November. On balance, the unemployment rate for Af- rican Americans edged down over those two months, while the unemployment rate for Hispanics increased slightly; the unemployment rates for both groups re- mained above the national measure. Both the labor force participation rate and the employment-to- population ratio declined a little over the past two months.","['Unemployment', 'Unemployment']"
"In support of these goals, members agreed to raise the target range for the federal funds rate to 4¼ to 4½ percent.","(('Federal Reserve', 0),)",fomcminutes20221214.pdf,['Federal Reserve'],"Members agreed that the Committee seeks to achieve maximum employment and inflation at the rate of 2 per- cent over the longer run. In support of these goals, members agreed to raise the target range for the federal funds rate to 4¼ to 4½ percent. Members anticipated that ongoing increases in the target range would be ap- propriate in order to attain a stance of monetary policy that is sufficiently restrictive to return inflation to 2 per- cent over time.","['maximum employment', 'Dual Mandate', 'Federal Open Market Committee(FOMC)', 'Inflation', 'Federal Funds Target', 'Federal Funds Rate', 'Federal Open Market Committee(FOMC)', 'Inflation', 'domestic policy directive', 'Dual Mandate', 'Monetary Policy', 'Price Stability']"
"Participants observed that the labor market had re- mained very tight, with the unemployment rate near a historically low level, robust payroll gains, a high level of job vacancies, and elevated nominal wage growth.","(('Labor Market', 0.8), ('Unemployment', 0.8), ('Employment', 0.8), ('Economy', 0.7))",fomcminutes20221214.pdf,"['Labor Market', 'Unemployment', 'Employment', 'Economy']","A couple of participants noted that high costs for inputs like diesel, feed, and fertilizer were creating challenges for the agricultural sector. Participants observed that the labor market had re- mained very tight, with the unemployment rate near a historically low level, robust payroll gains, a high level of job vacancies, and elevated nominal wage growth. Sev- eral participants commented that there were tentative signs of labor market imbalances improving, including declines in job openings and quits over the second half of 2022 as well as reports from District contacts that they were seeing more qualified job applicants for open positions than earlier in the year.","['Energy Prices', 'Demand', 'Labor Market', 'Unemployment', 'HIRE', 'maximum employment', 'Employment', 'Labor Market', 'HIRE', 'Unemployment']"
"The Committee anticipates that ongoing in- creases in the target range will be appropriate in 5 In taking this action, the Board approved requests to estab- lish that rate submitted by the Boards of Directors of the Fed- order to attain a stance of monetary policy that is sufficiently restrictive to return inflation to 2 percent over time.","(('Federal Reserve', 0.062), ('Inflation', 0.103), ('Monetary Policy', 0.149),)",fomcminutes20221214.pdf,"['Federal Reserve', 'Inflation', 'Monetary Policy']","In support of these goals, the Committee decided to raise the target range for the federal funds rate to 4¼ to 4½ percent. The Committee anticipates that ongoing in- creases in the target range will be appropriate in 5 In taking this action, the Board approved requests to estab- lish that rate submitted by the Boards of Directors of the Fed- order to attain a stance of monetary policy that is sufficiently restrictive to return inflation to 2 percent over time. In determining the pace of future increases in the target range, the Com- mittee will take into account the cumulative tightening of monetary policy, the lags with which monetary policy affects economic activity and inflation, and economic and financial devel- opments.","['Federal Funds Target', 'Federal Open Market Committee(FOMC)', 'Federal Funds Rate', 'Federal Funds Target', 'domestic policy directive', 'Monetary Policy', 'Federal Open Market Committee(FOMC)', 'Price Stability', 'Monetary Policy', 'domestic policy directive', 'Transitory', 'Price Stability', 'Economic outlook']"
More information regarding open market operations and reinvestments may be found on the Federal Reserve Bank of New York’s website.,"(('Federal Reserve', 0.0), ('Reinvestments', 0.0))",ARP_04.2020.pdf,"['Federal Reserve', 'Reinvestments']","For release at 2 p.m. EDT April 29, 2020 - 2 - This information will be updated as appropriate to reflect decisions of the Federal Open Market Committee or the Board of Governors regarding details of the Federal Reserve’s operational tools and approach used to implement monetary policy. More information regarding open market operations and reinvestments may be found on the Federal Reserve Bank of New York’s website. For release at 2 p.m. EDT May 4, 2022 Although overall economic activity edged down in the first quarter, household spending and business fixed investment remained strong.","['domestic policy directive', 'Federal Reserve', 'Powell', 'Federal Open Market Committee(FOMC)', 'Monetary Policy', 'Federal Open Market Committee(FOMC)', 'Federal Reserve', 'Equity Markets', 'Financial Markets', 'Reinvestment', 'Cyclically Sensitive Sectors', 'Economy/ Economic']"
"[that] you March 20, 2024 Chair Powell’s Press Conference FINAL","(('', ''),)",FOMCpresconf20240320.pdf,[''],"So are you really, are you still confident or—at the last press conference, you sounded pretty optimistic [that] you March 20, 2024 Chair Powell’s Press Conference FINAL Page 10 of 24 would get more confidence at the end of this year.","['Press Conference', 'Chair', 'Powell']"
"March 20, 2024 Chair Powell’s Press Conference FINAL Page 2 of 24","(('', ''),)",FOMCpresconf20240320.pdf,[''],"Participants generally revised up their growth projections since December, reflecting the strength of incoming data, including data on labor supply. March 20, 2024 Chair Powell’s Press Conference FINAL Page 2 of 24 The labor market remains relatively tight, but supply and demand conditions continue to come into better balance.","['Average Hourly Earnings', 'Labor Market', 'Growth', 'Labor Market']"
Participants commented that higher mortgage interest rates had no- tably restrained housing activity and that they expected housing activity to remain weak.,"(('Mortgage', -0.7), ('Interest Rates', -0.7), ('Expectation', -0.6), ('Economy', -0.5))",fomcminutes20221214.pdf,"['Mortgage', 'Interest Rates', 'Expectation', 'Economy']","Overall, partici- pants assessed that there was considerable uncertainty around the consumer spending outlook. Participants commented that higher mortgage interest rates had no- tably restrained housing activity and that they expected housing activity to remain weak. A couple of partici- pants remarked on anecdotes or concerns from builder contacts about contract cancellations by purchasers no longer able to qualify for loans at higher interest rates.","['Uncertain', 'Expectation', 'Mortgage']"
"Well, I think we broadly think that, once [take-up at] the overnight","(('', ''),)",FOMCpresconf20240320.pdf,[''],"Well, is it also because you’re not sure exactly how the reserve supply will react once the overnight reverse repo facility drops near—at zero? Well, I think we broadly think that, once [take-up at] the overnight [reverse] repo [facility] stabilizes, either at zero or close to zero, that, as the balance sheet March 20, 2024 Chair Powell’s Press Conference FINAL Page 19 of 24 shrinks, we should expect that reserves will decline pretty close to dollar-for-dollar with that.","['Federal Funds Rate', 'Reserves', 'Overnight Reverse Repurchase Agreement (ON RRP)', 'repurchase agreement', 'repurchase agreement', 'Repo Markets', 'Repurchase Agreement (repo) Rates', 'Reserves', 'Powell', 'Chair', 'Federal Reserve', 'Interest on Excess Reserves (IOER)']"
"The path of the economy will depend signifi- cantly on the course of the virus, including pro- gress on vaccinations.","(('Pandemic', -0.2), ('Risk', -0.1), ('Expectation', -0.1))",fomcminutes20210317.pdf,"['Pandemic', 'Risk', 'Expectation']","Overall financial conditions remain ac- commodative, in part reflecting policy measures to support the economy and the flow of credit to U.S. households and businesses. The path of the economy will depend signifi- cantly on the course of the virus, including pro- gress on vaccinations. The ongoing public health crisis continues to weigh on economic activity, employment, and inflation, and poses considerable risks to the economic outlook.","['Financial Stability', 'Credit', 'Federal Reserve', 'Dual Mandate', 'domestic policy directive', 'Pandemic', 'Pandemic', 'Economic outlook', 'Risk']"
"Such a devel- opment, if it materialized, would make it much more costly to bring inflation down to achieve the Commit- tee’s statutory objectives of maximum employment and price stability.","(('Inflation', -0.8), ('Price Stability', -0.7), ('Dual Mandate', -0.7), ('Risk', -0.8))",fomcminutes20221214.pdf,"['Inflation', 'Price Stability', 'Dual Mandate', 'Risk']","Several participants commented that the longer inflation remained well above the 2 per- cent goal, the greater the risk that longer-term inflation expectations could become unanchored. Such a devel- opment, if it materialized, would make it much more costly to bring inflation down to achieve the Commit- tee’s statutory objectives of maximum employment and price stability. Participants noted that since the November meeting, fi- nancial conditions had eased, with the market-implied path for the federal funds rate beyond 2023 and longer-","['Price Stability', 'maximum employment', 'Inflation', 'maximum employment', 'Price Stability', 'Dual Mandate', 'Inflation', 'Transitory', 'Federal Funds Target', 'Federal Funds Rate', 'Federal Open Market Committee(FOMC)', 'Money Market', 'Overnight Reverse Repurchase Agreement (ON RRP)']"
Thank you for taking our questions.,"(('', ''),)",FOMCpresconf20240320.pdf,[''],"Jeanna Smialek, the New York Times. Thank you for taking our questions. Per your comment to Ann that a weakening in the labor market would be a reason to potentially cut rates or at least a consideration in making a rate cut, would continued strength in the labor market be a reason to hold off on rate cuts?","['Labor Market', 'Interest Rates', 'maximum employment']"
"Broad stock price indexes increased, on net, over the in- termeeting period, consistent with increased investor optimism about the economic outlook and the enact- ment of the ARP.","(('Equity Price',0.8),('Expectation',0.5),('Economy',0.33),('Fiscal Policy',0.8))",fomcminutes20210317.pdf,"['Equity Price', 'Expectation', 'Economy', 'Fiscal Policy']","The expected path for the federal funds rate over the next few years, as implied by a straight read of overnight index swap quotes, rose substantially since the previous FOMC meeting and moved above 25 basis points in the first quarter of 2023, about three quarters sooner than expected at the time of the January meeting. Broad stock price indexes increased, on net, over the in- termeeting period, consistent with increased investor optimism about the economic outlook and the enact- ment of the ARP. Stocks in cyclically sensitive industries such as energy, banking, and small caps recorded sizable gains, while other sectors experienced mixed perfor- mance.","['Federal Funds Target', 'Federal Open Market Committee(FOMC)', 'Federal Funds Rate', 'Economic outlook', 'Financial Markets', 'Cyclically Sensitive Sectors']"
"How important is that higher transparency been in your view, both for the proper March 20, 2024 Chair Powell’s Press Conference FINAL Page 23 of 24 functioning of the central bank and also in accomplishing your mission?","(('Federal Reserve', 0),)",FOMCpresconf20240320.pdf,['Federal Reserve'],"Mr. Chairman, April 27 will mark the 13th anniversary since a Fed Chairman began holding regular news conferences. How important is that higher transparency been in your view, both for the proper March 20, 2024 Chair Powell’s Press Conference FINAL Page 23 of 24 functioning of the central bank and also in accomplishing your mission? And is there more that you and your colleagues can do on the transparency front?","['Chair', 'Press Conference', 'Powell', 'Powell', 'Chair']"
"It has applications in wholesale finance, in the payment system, and so we need—to serve the public—these issues have become very front burner in the last five or six years—we need to be knowledgeable about all that.","(('', ''),)",FOMCpresconf20240320.pdf,[''],"What we are doing, and I think what every major central bank is doing, is we’re trying to stay in the frontiers of what’s going on in digital finance, and it has many, many different areas. It has applications in wholesale finance, in the payment system, and so we need—to serve the public—these issues have become very front burner in the last five or six years—we need to be knowledgeable about all that. So we actually do have people trying to understand things that are—but it’s wrong to say that we’re working on a CBDC and that we’ve secretly got a lab here where we’ve got one, and we’re just going to spring it on Congress at the right moment.","['Digital Dollar', 'Federal Reserve', 'Banking System', 'Finance', 'Monetary Policy', 'Banking System']"
Bank credit data also indicate that the expansion in credit card balances con- tinued in October before slowing in early November.,"(('Credit', 0.6), ('Finance', 0.5), ('Economy', 0.4), ('Debt', 0.5))",fomcminutes20221214.pdf,"['Credit', 'Finance', 'Economy', 'Debt']","Consumer credit remained available for most con- sumers through September, with auto loans and credit card debt growing at a robust pace. Bank credit data also indicate that the expansion in credit card balances con- tinued in October before slowing in early November. The credit quality of nonfinancial corporations remained solid.","['Credit', 'Balance']"
"Financing conditions for nonfinancial businesses in cap- ital markets remained broadly accommodative over the intermeeting period, supported by low interest rates and high equity valuations.","(('Interest Rates',0.8),('Equity Price',0.9),('Expectation',0.66))",fomcminutes20210317.pdf,"['Interest Rates', 'Equity Price', 'Expectation']","Overall, foreign eq- uity indexes increased slightly in most major markets. Financing conditions for nonfinancial businesses in cap- ital markets remained broadly accommodative over the intermeeting period, supported by low interest rates and high equity valuations. Gross and net corporate bond issuances were solid in January and February.","['Market Liquidity', 'Financial Markets', 'Finance', 'Bond Market', 'Money Market', 'Treasury Securities', 'Bond Market']"
(more) -2-,"(('', ''),)",monetary20231213a1.pdf,[''],"In a related action, the Board of Governors of the Federal Reserve System voted unanimously to approve the establishment of the primary credit rate at the existing level of 5.5 percent. (more) -2- This information will be updated as appropriate to reflect decisions of the Federal Open Market Committee or the Board of Governors regarding details of the Federal Reserve's operational tools and approach used to implement monetary policy.","['Federal Funds Rate', 'Board', 'Interest on Excess Reserves (IOER)', 'Federal Open Market Committee(FOMC)', 'Federal Funds Target', 'domestic policy directive', 'Federal Reserve', 'Board', 'Federal Open Market Committee(FOMC)', 'Monetary Policy']"
The Committee would be prepared to adjust the stance of monetary policy as appropriate if risks emerge that could impede the attainment of the Committee’s goals.,"(('Federal Reserve', 0.858), ('Monetary Policy', 0.82), ('Risk', 0.82),)",fomcminutes20221214.pdf,"['Federal Reserve', 'Monetary Policy', 'Risk']","In assessing the appropriate stance of monetary policy, the Committee will continue to monitor the implications of incoming information for the economic outlook. The Committee would be prepared to adjust the stance of monetary policy as appropriate if risks emerge that could impede the attainment of the Committee’s goals. The Committee’s assessments will take into account a wide range of information, in- cluding readings on public health, labor market conditions, inflation pressures and inflation ex- pectations, and financial and international de- velopments.”","['Monetary Policy', 'Economic outlook', 'domestic policy directive', 'Powell', 'Federal Open Market Committee(FOMC)', 'Monetary Policy', 'domestic policy directive', 'Federal Open Market Committee(FOMC)', 'Powell', 'Risk', 'Federal Open Market Committee(FOMC)', 'Personal Consumption Expenditures (PCE)', 'Inflation', 'domestic policy directive', 'Fiscal Policy']"
"Members also remarked that the path of the economy would depend significantly on the course of the virus, including pro- gress on vaccinations.","(('Pandemic',0))",fomcminutes20210317.pdf,[],"Overall financial conditions remained accommodative, in part reflecting policy measures to support the economy and the flow of Page 10 Federal Open Market Committee _____________________________________________________________________________________________ credit to U.S. households and businesses. Members also remarked that the path of the economy would depend significantly on the course of the virus, including pro- gress on vaccinations. In addition, members agreed that the ongoing public health crisis continued to weigh on economic activity, employment, and inflation and was posing considerable risks to the economic outlook.","['Federal Open Market Committee(FOMC)', 'Financial Stability', 'Credit', 'Federal Reserve', 'Federal Funds Target', 'Pandemic', 'Pandemic']"
"But I would say that the story is really essentially the same and that is of inflation coming down gradually toward 2 percent on a sometimes-bumpy path, as I mentioned.","(('Inflation', 0.123),)",FOMCpresconf20240320.pdf,['Inflation'],"It certainly hasn’t improved our confidence—it hasn’t raised anyone’s confidence. But I would say that the story is really essentially the same and that is of inflation coming down gradually toward 2 percent on a sometimes-bumpy path, as I mentioned. I think that’s what you still see.","['Inflation', 'Price Stability']"
"David Altig, Executive Vice President, Federal Reserve Bank of Atlanta Roc Armenter, Vice President, Federal Reserve Bank of Philadelphia Kartik B. Athreya, Executive Vice President, Federal Reserve Bank of Richmond Penelope A. Beattie, Section Chief, Office of the Secretary, Board Daniel O. Beltran, Deputy Associate Director, Division of International Finance, Board Ellen J. Bromagen, First Vice President, Federal Reserve Bank of Chicago Jennifer J. Burns, Deputy Director, Division of Supervision and Regulation, Board Mark A. Carlson, Adviser, Division of Monetary Affairs, Board Todd E. Clark, Senior Vice President, Federal Reserve Bank of Cleveland Stephanie E. Curcuru, Deputy Director, Division of International Finance, Board Navtej S. Dhillon, Special Adviser to the Board, Division of Board Members, Board Burcu Duygan-Bump, Special Adviser to the Board, Division of Board Members, Board Rochelle M. Edge, Deputy Director, Division of Monetary Affairs, Board Matthew J. Eichner,2 Director, Division of Reserve Bank Operations and Payment Systems, Board Eric M. Engen, Senior Associate Director, Division of Research and Statistics, Board Eric C. Engstrom, Associate Director, Division of Monetary Affairs, Board 2 Attended through the discussion of developments in finan- cial markets and open market operations.","(('', ''),)",fomcminutes20221214.pdf,[''],"The Federal Open Market Committee is referenced as the “FOMC” and the “Committee” in these minutes; the Board of Governors of the Federal Reserve System is referenced as the “Board” in these minutes. David Altig, Executive Vice President, Federal Reserve Bank of Atlanta Roc Armenter, Vice President, Federal Reserve Bank of Philadelphia Kartik B. Athreya, Executive Vice President, Federal Reserve Bank of Richmond Penelope A. Beattie, Section Chief, Office of the Secretary, Board Daniel O. Beltran, Deputy Associate Director, Division of International Finance, Board Ellen J. Bromagen, First Vice President, Federal Reserve Bank of Chicago Jennifer J. Burns, Deputy Director, Division of Supervision and Regulation, Board Mark A. Carlson, Adviser, Division of Monetary Affairs, Board Todd E. Clark, Senior Vice President, Federal Reserve Bank of Cleveland Stephanie E. Curcuru, Deputy Director, Division of International Finance, Board Navtej S. Dhillon, Special Adviser to the Board, Division of Board Members, Board Burcu Duygan-Bump, Special Adviser to the Board, Division of Board Members, Board Rochelle M. Edge, Deputy Director, Division of Monetary Affairs, Board Matthew J. Eichner,2 Director, Division of Reserve Bank Operations and Payment Systems, Board Eric M. Engen, Senior Associate Director, Division of Research and Statistics, Board Eric C. Engstrom, Associate Director, Division of Monetary Affairs, Board 2 Attended through the discussion of developments in finan- cial markets and open market operations. Page 1 _____________________________________________________________________________________________","['Federal Open Market Committee(FOMC)', 'Board', 'Federal Funds Target', 'Federal Reserve', 'Chair', 'Board', 'Powell', 'Federal Reserve', 'Chair', 'Reserves']"
Just give us a sense of your thinking there.,"(('', ''),)",FOMCpresconf20240320.pdf,[''],"Or, by June, is there enough data for you? Just give us a sense of your thinking there. So we make decisions meeting by meeting.",[]
But that’s what I had in mind.,"(('', ''),)",FOMCpresconf20240320.pdf,[''],"We didn’t overreact, as I mentioned. But that’s what I had in mind. JENNIFER SCHONBERGER.",[]
And what might that look like?,"(('', ''),)",FOMCpresconf20240320.pdf,[''],"And is there more that you and your colleagues can do on the transparency front? And what might that look like? I generally think—I mean, this movement actually started 30 years ago—30 years ago, when some academics posited that a more transparent central bank, if the public understands your reaction function, the markets will do your work for you.","['Monetary Policy', 'SOMA', 'Press Conference']"
"Overall, partici- pants assessed that there was considerable uncertainty around the consumer spending outlook.","(('Expectation', -0.5), ('Economy', -0.4))",fomcminutes20221214.pdf,"['Expectation', 'Economy']","They also observed that many households were increas- ingly using credit to finance spending. Overall, partici- pants assessed that there was considerable uncertainty around the consumer spending outlook. Participants commented that higher mortgage interest rates had no- tably restrained housing activity and that they expected housing activity to remain weak.","['Credit', 'Finance', 'Debt', 'Banking System', 'Mortgage-Backed Securities', 'Uncertain', 'Expectation', 'Mortgage']"
"I said that any number of times, so those were kind of the main part of the message.","(('', ''),)",FOMCpresconf20240320.pdf,[''],"So let me say my main message at that—in those two days of hearings was really that the Committee needs to see more evidence to build our confidence that inflation is moving down sustainably toward our 2 percent goal, and we don’t expect that it will be appropriate to begin to reduce rates until we’re more confident that that is the case. I said that any number of times, so those were kind of the main part of the message. We repeated that today in our statement.","['Price Stability', 'Powell']"
"As part of its policy decision, the Federal Open Market Committee voted to direct the Open Market Desk at the Federal Reserve Bank of New York, until instructed otherwise, to execute transactions in the System Open Market Account in accordance with the following domestic policy directive: ""Effective July 27, 2023, the Federal Open Market Committee directs the Desk to: o Undertake open market operations as necessary to maintain the federal funds rate in a target range of 5-1/4 to 5-1/2 percent.","(('Federal Reserve', 0.876), ('Interest Rates', 0.759),('Repurchase', """"))",ARP_07.2023.pdf,"['Federal Reserve', 'Interest Rates', 'Repurchase']","The Federal Reserve has made the following decisions to implement the monetary policy stance announced by the Federal Open Market Committee in its statement on July 26, 2023: • The Board of Governors of the Federal Reserve System voted unanimously to raise the interest rate paid on reserve balances to 5.4 percent, effective July 27, 2023. As part of its policy decision, the Federal Open Market Committee voted to direct the Open Market Desk at the Federal Reserve Bank of New York, until instructed otherwise, to execute transactions in the System Open Market Account in accordance with the following domestic policy directive: ""Effective July 27, 2023, the Federal Open Market Committee directs the Desk to: o Undertake open market operations as necessary to maintain the federal funds rate in a target range of 5-1/4 to 5-1/2 percent. Conduct standing overnight repurchase agreement operations with a minimum bid rate of 5.5 percent and with an aggregate operation limit of $500 billion.","['Powell', 'Federal Reserve', 'domestic policy directive', 'Monetary Policy', 'Federal Open Market Committee(FOMC)', 'Federal Funds Rate', 'Interest Rates', 'Interest on Excess Reserves (IOER)', 'Monetary Policy', 'Federal Funds Target', 'Federal Open Market Committee(FOMC)', 'Federal Funds Target', 'Federal Funds Rate', 'SOMA', 'Board', 'repurchase agreement', 'Overnight Rate', 'Repurchase Agreement (repo) Rates']"
"In assessing the appropriate stance of monetary policy, the Committee will continue to monitor the implications of incoming information for the economic outlook.","(('Federal Reserve', 0.824), ('Economy', 0.891),('Monetary Policy', 0))",fomcminutes20210317.pdf,"['Federal Reserve', 'Economy', 'Monetary Policy']","These asset purchases help foster smooth mar- ket functioning and accommodative financial conditions, thereby supporting the flow of credit to households and businesses. In assessing the appropriate stance of monetary policy, the Committee will continue to monitor the implications of incoming information for the economic outlook. The Committee would be prepared to adjust the stance of monetary policy as appropriate if risks emerge that could impede the attainment of the Committee’s goals.","['Credit', 'Mortgage-Backed Securities', 'Mortgage', 'Security holdings', 'Banking System', 'Monetary Policy', 'Economic outlook', 'domestic policy directive', 'Powell', 'Federal Open Market Committee(FOMC)', 'Monetary Policy', 'domestic policy directive', 'Federal Open Market Committee(FOMC)', 'Powell', 'Risk']"
"In fact, they were decreasing.","(('', ''),)",FOMCpresconf20240320.pdf,[''],"So, so, if what we’re getting is a lot of supply and a lot of demand, and that supply is actually feeding demand because workers are getting paid and they’re spending and that’s, you know—what you would have is potentially kind of what you had last March 20, 2024 Chair Powell’s Press Conference FINAL Page 11 of 24 year, which is a bigger economy where inflationary pressures are not increasing. In fact, they were decreasing. So you can have that if you have a continued supply-side activity that we had last year with—both with supply chains and also with, with growth in the size of the labor force.","['Inflation', 'maximum employment', 'Labor Market', 'Demand', 'Personal Consumption Expenditures (PCE)', 'Cyclically Sensitive Sectors', 'Labor Market', 'maximum employment']"
"A few participants remarked that the current configuration of nominal yields, with longer-term yields lower than shorter-term yields, had historically preceded recessions and hence bore watching.","(('Yields', -0.7), ('Risk', -0.7), ('Economy', -0.6))",fomcminutes20221214.pdf,"['Yields', 'Risk', 'Economy']","Page 8 Federal Open Market Committee _____________________________________________________________________________________________ term yields coming down noticeably. A few participants remarked that the current configuration of nominal yields, with longer-term yields lower than shorter-term yields, had historically preceded recessions and hence bore watching. However, a couple of them also noted that the current inversion of the yield curve could reflect, in part, that investors expect the nominal policy rate to decline because of a fall in inflation over time.","['Federal Open Market Committee(FOMC)', 'Federal Funds Target', 'Board', 'Yields', 'Term Premium', 'Interest Rates', 'Inflation', 'Monetary Policy', 'Yields', 'Term Premium']"
We’ve always had dissents.,"(('', ''),)",FOMCpresconf20240320.pdf,[''],"Life goes on, and it’s not a problem. We’ve always had dissents. But—and so I—you know, you respect thoughtful dissents very much.",[]
"We do have people who are keeping up with that, as part of the broader payments landscape.","(('', ''),)",FOMCpresconf20240320.pdf,[''],"I just think it’s something we need to be—we need to understand. We do have people who are keeping up with that, as part of the broader payments landscape. That’s, that’s how I would characterize it.",['Credit']
Inflation remains somewhat elevated.,"(('Inflation', -0.72),)",monetary20250129a1.pdf,['Inflation'],"The unemployment rate has stabilized at a low level in recent months, and labor market conditions remain solid. Inflation remains somewhat elevated. The Committee seeks to achieve maximum employment and inflation at the rate of 2 percent over the longer run.","['Unemployment', 'maximum employment', 'Labor Market', 'Price Stability', 'Inflation', 'maximum employment', 'Price Stability', 'Transitory', 'Personal Consumption Expenditures (PCE)', 'maximum employment', 'Dual Mandate', 'Federal Open Market Committee(FOMC)', 'Inflation']"
A couple of participants noted that risks to the inflation outlook were becoming more balanced.,"(('Inflation', -0.745),)",fomcminutes20221214.pdf,['Inflation'],Participants generally indicated that upside risks to the inflation outlook remained a key factor shaping the out- look for policy. A couple of participants noted that risks to the inflation outlook were becoming more balanced. Participants generally observed that maintaining a re- strictive policy stance for a sustained period until infla- tion is clearly on a path toward 2 percent is appropriate from a risk-management perspective.,"['Price Stability', 'Economic outlook', 'Risk', 'domestic policy directive', 'Inflation', 'Price Stability', 'Risk']"
"riod, reportedly reflecting a reassessment by market par-",,fomcminutes20210317.pdf,[],"Rates implied by interest rate futures maturing over the next several years rose notably over the intermeeting pe- riod, reportedly reflecting a reassessment by market par- ticipants of the expected path of the target range for the federal funds rate.","['Federal Funds Target', 'Federal Funds Rate', 'Interest Rates', 'Overnight Reverse Repurchase Agreement (ON RRP)', 'Monetary Policy']"
"In assessing the appropriate stance of monetary policy, the Committee will continue to monitor the implications of incoming information for the economic outlook.","(('Federal Reserve', 0.831), ('Monetary Policy', 0.785), ('Economy', 0.891),)",ARP_07.2023.pdf,"['Federal Reserve', 'Monetary Policy', 'Economy']","The Committee is strongly committed to returning inflation to its 2 percent objective. In assessing the appropriate stance of monetary policy, the Committee will continue to monitor the implications of incoming information for the economic outlook. The Committee (more) -2- would be prepared to adjust the stance of monetary policy as appropriate if risks emerge that could impede the attainment of the Committee’s goals.","['Federal Open Market Committee(FOMC)', 'Price Stability', 'Inflation', 'Dual Mandate', 'Monetary Policy', 'Economic outlook', 'domestic policy directive', 'Powell', 'Federal Open Market Committee(FOMC)', 'Powell', 'Federal Open Market Committee(FOMC)', 'Monetary Policy', 'domestic policy directive', 'Federal Funds Target']"
Staff Economic Outlook The U.S. economic projection prepared by the staff for the March FOMC meeting was considerably stronger than the January forecast.,"(('GDP',0.33),('Expectation',0.66）)",fomcminutes20210317.pdf,[],"Conditions in the asset-backed securi- ties market were stable during the intermeeting period. Staff Economic Outlook The U.S. economic projection prepared by the staff for the March FOMC meeting was considerably stronger than the January forecast. Real GDP growth appeared to be picking up at the beginning of this year by more than the staff had expected, likely reflecting both a faster-than-anticipated easing in social distancing and a more rapid response by households to the fiscal support package enacted in late December.","['Financial Stability', 'Equity Markets', 'Security holdings', 'Market Liquidity', 'Mortgage-Backed Securities', 'Economic outlook', 'Employment', 'Federal Open Market Committee(FOMC)', 'Economic outlook', 'Growth']"
But we’re talking about something that’s unexpected.,"(('', ''),)",FOMCpresconf20240320.pdf,[''],"That’s just—that’s just people’s forecast, individual forecasts. But we’re talking about something that’s unexpected. That’s where I’ll leave it, though.",['Economic outlook']
More information regarding open market operations and reinvestments may be found on the Federal Reserve Bank of New York's website.,"(('Federal Reserve', 0),)， ('Reinvestments', 0))",ARP_07.2023.pdf,[],"This information will be updated as appropriate to reflect decisions of the Federal Open Market Committee or the Board of Governors regarding details of the Federal Reserve's operational tools and approach used to implement monetary policy. More information regarding open market operations and reinvestments may be found on the Federal Reserve Bank of New York's website. Minutes of the Federal Open Market Committee March 16–17, 2021 A joint meeting of the Federal Open Market Committee and the Board of Governors was held by videoconfer- ence on Tuesday, March 16, 2021, at 11:00 a.m. and con- tinued on Wednesday, March 17, 2021, at 9:00 a.m.1 PRESENT: Jerome H. Powell, Chair John C. Williams, Vice Chair Thomas I. Barkin Raphael W. Bostic Michelle W. Bowman Lael Brainard Richard H. Clarida Mary C. Daly Charles L. Evans Randal K. Quarles Christopher J. Waller James Bullard, Esther L. George, Loretta J. Mester, and Eric Rosengren, Alternate Members of the Federal Open Market Committee Patrick Harker, Robert S. Kaplan, and Neel Kashkari, Presidents of the Federal Reserve Banks of Philadelphia, Dallas, and Minneapolis, respectively James A. Clouse, Secretary Matthew M. Luecke, Deputy Secretary Michelle A. Smith, Assistant Secretary Mark E. Van Der Weide, General Counsel Michael Held, Deputy General Counsel Trevor A. Reeve, Economist Stacey Tevlin, Economist Beth Anne Wilson, Economist Shaghil Ahmed, Kartik B. Athreya, Brian M. Doyle, Rochelle M. Edge, Eric M. Engen, Sylvain Leduc, Anna Paulson, and William Wascher, Associate Economists Lorie K. Logan, Manager, System Open Market Account Patricia Zobel, Deputy Manager, System Open Market Account 1","['domestic policy directive', 'Federal Reserve', 'Board', 'Federal Open Market Committee(FOMC)', 'Monetary Policy', 'Federal Open Market Committee(FOMC)', 'Federal Reserve', 'Equity Markets', 'Reinvestment', 'Financial Markets', 'Chair', 'Powell', 'Federal Open Market Committee(FOMC)', 'Board', 'Federal Reserve']"
"But given that you said that PCE for February, 2.8 percent the estimate, and that we have been seeing PCE—core PCE coming down by a tenth of a percent every month, I mean, wouldn’t you be at about 2.4 percent this summer, June, July, to a point where you could cut then? CHAIR POWELL.","(('Inflation', -0.33),)",FOMCpresconf20240320.pdf,['Inflation'],"JENNIFER SCHONBERGER. But given that you said that PCE for February, 2.8 percent the estimate, and that we have been seeing PCE—core PCE coming down by a tenth of a percent every month, I mean, wouldn’t you be at about 2.4 percent this summer, June, July, to a point where you could cut then? CHAIR POWELL. Well, we’ll just have to see how the data come in.","['Personal Consumption Expenditures (PCE)', 'Chair', 'Powell']"
So we make decisions meeting by meeting.,"(('', ''),)",FOMCpresconf20240320.pdf,[''],Just give us a sense of your thinking there. So we make decisions meeting by meeting. And we didn’t make any decisions about future meetings today.,[]
"I mean, there’s a long list of things that we’ve done.","(('', ''),)",FOMCpresconf20240320.pdf,[''],"You know, we have an annual supervision report, Financial Stability Report. I mean, there’s a long list of things that we’ve done. I think you—I mean, nothing comes to mind as really desperately in need of doing at this moment.","['Financial Stability', 'Finance', 'Federal Reserve', 'Balance Sheet', 'Board']"
"After the transitory effects of these factors fade, however, partici- pants generally anticipated that annual inflation readings would edge down next year.","(('Inflation',-0.2),('Price Stability',-0.66))",fomcminutes20210317.pdf,"['Inflation', 'Price Stability']","Most par- ticipants also pointed to supply constraints that could contribute to price increases for some goods in coming months as the economy continued to reopen. After the transitory effects of these factors fade, however, partici- pants generally anticipated that annual inflation readings would edge down next year. Subsequently, participants expected that inflation would likely move along a trajec- tory consistent with achieving the Committee’s objec- tives over time, supported by strong aggregate demand, which participants expected would be driven in part by accommodative monetary and fiscal policies.","['Demand', 'Inflation', 'Labor Market', 'Dual Mandate', 'Transitory', 'Inflation', 'Transitory', 'Price Stability', 'Inflation', 'Monetary Policy', 'Personal Consumption Expenditures (PCE)']"
They also show somewhat stronger growth.,"(('', ''),)",FOMCpresconf20240320.pdf,[''],"Mr. Chairman, the projections show somewhat higher core inflation. They also show somewhat stronger growth. What should we infer from this notion that, on average, rates were kept the same this year, but inflation is higher and growth is higher.","['maximum employment', 'Powell', 'Inflation', 'Chair', 'Personal Consumption Expenditures (PCE)', 'Cyclically Sensitive Sectors', 'Inflation', 'Price Stability', 'Growth', 'Interest Rates', 'Transitory']"
"They judged that these asset purchases would help foster smooth market functioning and accommodative financial conditions, thereby supporting the flow of credit to households and businesses.","(('Securities',0),('Market Liquidity',0.8))",fomcminutes20210317.pdf,"['Securities', 'Market Liquidity']","In addition, members agreed that it would be appropri- ate for the Federal Reserve to continue to increase its holdings of Treasury securities by at least $80 billion per month and agency mortgage-backed securities by at least $40 billion per month until substantial further progress had been made toward the Committee’s maximum- employment and price-stability goals. They judged that these asset purchases would help foster smooth market functioning and accommodative financial conditions, thereby supporting the flow of credit to households and businesses. Members agreed that, in assessing the appropriate stance of monetary policy, they would continue to monitor the implications of incoming information for the economic outlook and that they would be prepared to adjust the stance of monetary policy as appropriate in the event that risks emerged that could impede the attainment of the Committee’s goals.","['Treasury Securities', 'Federal Open Market Committee(FOMC)', 'Dual Mandate', 'Federal Reserve', 'Interest on Excess Reserves (IOER)', 'Credit', 'Mortgage-Backed Securities', 'Market Liquidity', 'Asset', 'Banking System', 'Monetary Policy', 'domestic policy directive', 'Powell', 'Federal Reserve', 'Economic outlook']"
"Voting for the monetary policy action were Jerome H. Powell, Chair; John C. Williams, Vice Chair; Thomas I. Barkin; Michael S. Barr; Raphael W. Bostic; Michelle W. Bowman; Lisa D. Cook; Mary C. Daly; Philip N. Jefferson; Adriana D. Kugler; and Christopher J. Waller.","(('Monetary Policy', 0),)",monetary20241218a1.pdf,['Monetary Policy'],"The Committee’s assessments will take (more) -2- into account a wide range of information, including readings on labor market conditions, inflation pressures and inflation expectations, and financial and international developments. Voting for the monetary policy action were Jerome H. Powell, Chair; John C. Williams, Vice Chair; Thomas I. Barkin; Michael S. Barr; Raphael W. Bostic; Michelle W. Bowman; Lisa D. Cook; Mary C. Daly; Philip N. Jefferson; Adriana D. Kugler; and Christopher J. Waller. Voting against the action was Beth M. Hammack, who preferred to maintain the target range for the federal funds rate at 4-1/2 to 4-3/4 percent.","['Labor Market', 'Federal Open Market Committee(FOMC)', 'Powell', 'Chair', 'Board', 'domestic policy directive', 'Federal Reserve', 'Federal Funds Target', 'Federal Open Market Committee(FOMC)']"
"o Allow modest deviations from stated amounts for reinvestments, if needed for operational reasons.","((' Reinvestment', 0),)",monetary20231213a1.pdf,[' Reinvestment'],"the amount of principal payments from the Federal Reserve's holdings of agency debt and agency MBS received in each calendar month that exceeds a cap of $35 billion per month. o Allow modest deviations from stated amounts for reinvestments, if needed for operational reasons. o Engage in dollar roll and coupon swap transactions as necessary to facilitate settlement of the Federal Reserve's agency MBS transactions.""","['Board', 'Debt', 'Federal Reserve', 'SOMA', 'Reserves', 'Reinvestment', 'Market Liquidity', 'Digital Dollar', 'Federal Reserve', 'Treasury Securities', 'Monetary Policy', 'Overnight Reverse Repurchase Agreement (ON RRP)']"
So I think it’s generally broadly helped and made things better.,"(('', ''),)",FOMCpresconf20240320.pdf,[''],"And so that channel is full, I would say. So I think it’s generally broadly helped and made things better. But not every day and in every way.",[]
Credit was readily available in the residential mortgage market for high-credit-score borrowers who met stand- ard conforming loan criteria.,"(('Credit', 0.7), ('Finance', 0.6), ('Economy', 0.5), ('Mortgage', 0.7))",fomcminutes20221214.pdf,"['Credit', 'Finance', 'Economy', 'Mortgage']","Credit availability to small businesses ap- peared to have tightened further this fall, with the share of small firms reporting that it was more difficult to ob- tain credit than three months earlier trending up through November. Credit was readily available in the residential mortgage market for high-credit-score borrowers who met stand- ard conforming loan criteria. Credit availability for households with lower credit scores was considerably tighter at levels comparable with what prevailed before the pandemic.","['Credit', 'Mortgage', 'Credit', 'Mortgage-Backed Securities', 'Pandemic']"
"So you need to check yourself on that, and I’ll do that.","(('', ''),)",FOMCpresconf20240320.pdf,[''],"I want to start by being—saying I always try to be careful about dismissing data that we don’t like. So you need to check yourself on that, and I’ll do that. But— so I would say the January number, which was very high—the January CPI and PCE numbers were quite high.",['Personal Consumption Expenditures (PCE)']
"Several participants commented that the medians of participants’ assessments for the appropriate path of the federal funds rate in the Summary of Economic Pro- jections, which tracked notably above market-based Minutes of the Meeting of December 13–14, 2022 Page 9 _____________________________________________________________________________________________ measures of policy rate expectations, underscored the Committee’s strong commitment to returning inflation to its 2 percent goal.","(('Federal Funds Rate', 0.7), ('Expectation', 0.7), ('Inflation', 0.7), ('Federal Open Market Committee(FOMC)', 0.6))",fomcminutes20221214.pdf,"['Federal Funds Rate', 'Expectation', 'Inflation', 'Federal Open Market Committee(FOMC)']","Participants noted that, be- cause monetary policy worked importantly through fi- nancial markets, an unwarranted easing in financial con- ditions, especially if driven by a misperception by the public of the Committee’s reaction function, would complicate the Committee’s effort to restore price sta- bility. Several participants commented that the medians of participants’ assessments for the appropriate path of the federal funds rate in the Summary of Economic Pro- jections, which tracked notably above market-based Minutes of the Meeting of December 13–14, 2022 Page 9 _____________________________________________________________________________________________ measures of policy rate expectations, underscored the Committee’s strong commitment to returning inflation to its 2 percent goal. Participants discussed a number of risk-management considerations related to the conduct of monetary pol- icy.","['Monetary Policy', 'Federal Open Market Committee(FOMC)', 'SOMA', 'Federal Reserve', 'Powell', 'Federal Funds Target', 'Federal Funds Rate', 'Federal Open Market Committee(FOMC)', 'Monetary Policy', 'Risk', 'Monetary Policy', 'Overnight Reverse Repurchase Agreement (ON RRP)']"
"In addition, the Committee will continue reducing its holdings of Treasury securities and agency debt and agency mortgage-backed securities, as described in its previously announced plans.","(('Federal Reserve', 0.462),)",ARP_07.2023.pdf,['Federal Reserve'],"In determining the extent of additional policy firming that may be appropriate to return inflation to 2 percent over time, the Committee will take into account the cumulative tightening of monetary policy, the lags with which monetary policy affects economic activity and inflation, and economic and financial developments. In addition, the Committee will continue reducing its holdings of Treasury securities and agency debt and agency mortgage-backed securities, as described in its previously announced plans. The Committee is strongly committed to returning inflation to its 2 percent objective.","['Monetary Policy', 'domestic policy directive', 'Inflation', 'Price Stability', 'SOMA', 'Mortgage-Backed Securities', 'Federal Open Market Committee(FOMC)', 'Treasury Securities', 'Board', 'Securities', 'Federal Open Market Committee(FOMC)', 'Price Stability', 'Inflation', 'Dual Mandate']"
The Committee would be prepared to adjust the stance of monetary policy as appropriate if risks emerge that could impede the attainment of the Committee’s goals.,"(('Federal Reserve', 0.877), ('Monetary Policy', 0.814),)",monetary20211103a1.pdf,"['Federal Reserve', 'Monetary Policy']","In assessing the appropriate stance of monetary policy, the Committee will continue to monitor the implications of incoming information for the economic outlook. The Committee would be prepared to adjust the stance of monetary policy as appropriate if risks emerge that could impede the attainment of the Committee’s goals. The Committee’s assessments will take into account a wide range of information, including readings on public health, labor market conditions, inflation pressures and inflation expectations, and financial and international developments.","['Monetary Policy', 'Economic outlook', 'domestic policy directive', 'Powell', 'Federal Open Market Committee(FOMC)', 'Monetary Policy', 'domestic policy directive', 'Federal Open Market Committee(FOMC)', 'Powell', 'Risk', 'Federal Open Market Committee(FOMC)']"
"With inflation staying persistently above the Commit- tee’s 2 percent goal and the labor market remaining very tight, all participants had raised their assessment of the appropriate path of the federal funds rate relative to their assessment at the time of the September meeting.","(('Inflation', -0.8), ('Labor Market', 0.4), ('Federal Funds Rate', 0.7), ('Expectation', 0.6))",fomcminutes20221214.pdf,"['Inflation', 'Labor Market', 'Federal Funds Rate', 'Expectation']","In determining the pace of future increases in the target range, participants judged that it would be appropriate to take into account the cumulative tightening of monetary policy, the lags with which monetary policy affects economic activity and inflation, and economic and financial developments. With inflation staying persistently above the Commit- tee’s 2 percent goal and the labor market remaining very tight, all participants had raised their assessment of the appropriate path of the federal funds rate relative to their assessment at the time of the September meeting. No participants anticipated that it would be appropriate to begin reducing the federal funds rate target in 2023.","['Monetary Policy', 'domestic policy directive', 'Transitory', 'Price Stability', 'Economic outlook', 'Federal Funds Target', 'Federal Funds Rate', 'Monetary Policy', 'Federal Open Market Committee(FOMC)', 'domestic policy directive', 'Federal Funds Target']"
"Credit continued to be generally available to businesses and households, but high borrowing costs appeared to weigh on financing volumes in many markets.","(('Interest Rates', -0.63), ('Economy', -0.62), ('Financial Markets', -0.60))",fomcminutes20221214.pdf,"['Interest Rates', 'Economy', 'Financial Markets']","Interest rates on auto loans also rose steadily through November. Credit continued to be generally available to businesses and households, but high borrowing costs appeared to weigh on financing volumes in many markets. Issuance of investment-grade corporate bonds rebounded somewhat in late October and November from earlier sub- dued levels, while speculative-grade issuance remained soft.","['Overnight Rate', 'Interest Rates', 'Federal Funds Rate', 'Repurchase Agreement (repo) Rates', 'Credit', 'Debt', 'Money Market', 'Finance', 'Mortgage-Backed Securities', 'Bond Market', 'Reinvestment', 'Treasury Securities', 'Term Premium']"
"In their discussion of monetary policy for this meeting, members agreed that recent indicators pointed to mod- est growth in spending and production.","(('Monetary Policy', 0.351), ('Growth', 0.351),)",fomcminutes20221214.pdf,"['Monetary Policy', 'Growth']","Committee Policy Action In their discussion of monetary policy for this meeting, members agreed that recent indicators pointed to mod- est growth in spending and production. Members also concurred thasupply and demandt job gains had been robust in recent months, and the unemployment rate had remained low.","['domestic policy directive', 'Monetary Policy', 'Fiscal Policy', 'Personal Consumption Expenditures (PCE)', 'Powell', 'Unemployment', 'maximum employment']"
o Reinvest into agency mortgage-backed securities (MBS),"(('', ''),)",ARP_07.2023.pdf,[''],Redeem Treasury coupon securities up to this monthly cap and Treasury bills to the extent that coupon principal payments are less than the monthly cap. o Reinvest into agency mortgage-backed securities (MBS) the amount of principal payments from the Federal Reserve's holdings of agency debt and agency MBS received in each calendar month that exceeds a cap of $35 billion per month.,"['Treasury Securities', 'Repurchase Agreement (repo) Rates', 'Bond Market', 'Repo Markets', 'Mortgage-Backed Securities', 'Reinvestment', 'Treasury Securities', 'Securities', 'Mortgage']"
"So you can have that if you have a continued supply-side activity that we had last year with—both with supply chains and also with, with growth in the size of the labor force.","(('', ''),)",FOMCpresconf20240320.pdf,[''],"In fact, they were decreasing. So you can have that if you have a continued supply-side activity that we had last year with—both with supply chains and also with, with growth in the size of the labor force. But—so strong hiring in and of itself would not be a reason to hold off on rate cuts?","['Cyclically Sensitive Sectors', 'Labor Market', 'maximum employment', 'HIRE', 'maximum employment']"
o Increase holdings of Treasury securities and agency MBS by additional amounts as needed to sustain smooth functioning of markets for these securities.,"(('', ''),)",monetary20211103a1.pdf,[''],"Increase the SOMA holdings of Treasury securities by $60 billion and of agency MBS by $30 billion, during the monthly purchase period beginning in mid-December. o Increase holdings of Treasury securities and agency MBS by additional amounts as needed to sustain smooth functioning of markets for these securities. Conduct overnight repurchase agreement operations with a minimum bid rate of 0.25 percent and with an aggregate operation limit of $500 billion; the aggregate operation limit can be temporarily increased at the discretion of the Chair.","['SOMA', 'Treasury Securities', 'Treasury Securities', 'Securities', 'Financial Markets', 'Security holdings', 'Reinvestment', 'repurchase agreement', 'Overnight Rate', 'Repurchase Agreement (repo) Rates', 'Repo Markets']"
Page 2 Federal Open Market Committee _____________________________________________________________________________________________,"(('Federal Open Market Committee (FOMC)', 0.0))",fomcminutes20221214.pdf,[],"Ann E. Misback, Secretary, Office of the Secretary, Board Raven Molloy, Deputy Associate Director, Division of Research and Statistics, Board Norman J. Morin, Deputy Associate Director, Division of Research and Statistics, Board Michelle M. Neal, Head of Markets, Federal Reserve Bank of New York Giovanni Nicolò, Senior Economist, Division of Monetary Affairs, Board Anna Nordstrom, Capital Markets Trading Head, Federal Reserve Bank of New York Marcelo Ochoa,3 Principal Economist, Division of Monetary Affairs, Board Giovanni Olivei, Senior Vice President, Federal Reserve Bank of Boston Anna Paulson, Executive Vice President, Federal Reserve Bank of Chicago Andrea Raffo, Senior Vice President, Federal Reserve Bank of Minneapolis Linda Robertson, Assistant to the Board, Division of Board Members, Board Achilles Sangster II, Senior Information Manager, Division of Monetary Affairs, Board Anthony Sarver, Senior Financial Institution and Policy Analyst, Division of Monetary Affairs, Board John W. Schindler,4 Senior Associate Director, Division of Financial Stability, Board Samuel Schulhofer-Wohl, Senior Vice President, Federal Reserve Bank of Dallas Seth Searls,2 Policy and Market Monitoring Associate Director, Federal Reserve Bank of New York Nitish Ranjan Sinha, Special Adviser to the Board, Division of Board Members, Board Clara Vega, Special Adviser to the Board, Division of Board Members, Board Annette Vissing-Jørgensen, Senior Adviser, Division of Monetary Affairs, Board 4 Attended opening remarks for Tuesday’s session only. Page 2 Federal Open Market Committee _____________________________________________________________________________________________ Jeffrey D. Walker,2 Associate Director, Division of Reserve Bank Operations and Payment Systems, Board Min Wei, Senior Associate Director, Division of Monetary Affairs, Board Paul R. Wood, Special Adviser to the Board, Division of Board Members, Board Rebecca Zarutskie, Special Adviser to the Board, Division of Board Members, Board Selection of Committee Officer By unanimous vote, the Committee selected Richard Ostrander to serve as deputy general counsel, effective December 13, 2022, until the first regularly scheduled meeting of the Committee in 2023.","['Powell', 'Chair', 'Board', 'Federal Reserve', 'Interest on Excess Reserves (IOER)', 'Powell', 'Chair', 'Board', 'Federal Reserve', 'SOMA', 'Federal Open Market Committee(FOMC)', 'Federal Funds Target', 'Board', 'Chair', 'Powell', 'Board']"
The war and related events were contributing to upward pressure on inflation and were weighing on global economic activity.,"(('War', -0.9), ('Inflation', -0.8), ('Economy', -0.7), ('Risk', -0.7))",fomcminutes20221214.pdf,"['War', 'Inflation', 'Economy', 'Risk']","Participants recognized that Russia’s war against Ukraine was causing tremendous human and economic hardship. The war and related events were contributing to upward pressure on inflation and were weighing on global economic activity. Against this background, participants continued to be highly attentive to inflation risks.","['War', 'Inflation', 'War', 'Price Stability', 'Transitory', 'Inflation', 'Price Stability', 'Transitory', 'Personal Consumption Expenditures (PCE)', 'Risk']"
"Construction permits for single-family homes moved down, on net, over January and February, point-","(('Economy',-0.2),('Growth',-0.33))",fomcminutes20210317.pdf,"['Economy', 'Growth']","Starts of multifamily units also fell in February but by less than the strong increase seen in January. Construction permits for single-family homes moved down, on net, over January and February, point- ing to some slowing in construction in coming months.",['Cyclically Sensitive Sectors']
"Improved U.S. economic growth prospects and opti- mism about the eventual lifting of social-distancing and related restrictions globally were major drivers of asset prices abroad, spurring sizable increases in sovereign Page 6 Federal Open Market Committee _____________________________________________________________________________________________ yields in advanced foreign economies.","(('Growth',0.8),('Expectation',0.33),('Yields',0.99),('Countries',0))",fomcminutes20210317.pdf,"['Growth', 'Expectation', 'Yields', 'Countries']","Amid stable market conditions, there was no take-up in the Money Market Mutual Fund Liquidity Fa- cility or the Commercial Paper Funding Facility. Improved U.S. economic growth prospects and opti- mism about the eventual lifting of social-distancing and related restrictions globally were major drivers of asset prices abroad, spurring sizable increases in sovereign Page 6 Federal Open Market Committee _____________________________________________________________________________________________ yields in advanced foreign economies. In response to rising yields, the Reserve Bank of Australia increased its bond purchases, and the European Central Bank indi- cated it would increase the pace of its bond purchases going forward.","['Market Liquidity', 'Money Market', 'Asset Runoff', 'Yields', 'Development', 'Countries', 'Overnight Reverse Repurchase Agreement (ON RRP)', 'Federal Funds Rate', 'Interest on Excess Reserves (IOER)', 'Bond Market', 'Interest Rates']"
Brendan Pedersen with Punchbowl News.,"(('', ''),)",FOMCpresconf20240320.pdf,[''],"So I think, generally speaking, it does go in the direction of saying, yes, it’s appropriate for us to be careful as we approach this question. Brendan Pedersen with Punchbowl News. I wanted to ask you about central bank digital currency stuff.","['Digital Dollar', 'Federal Reserve', 'Monetary Policy', 'Foreign Currencies', 'domestic policy directive']"
o Roll over at auction the amount of principal payments from the Federal Reserve's holdings of Treasury securities maturing in each calendar month that exceeds a cap of $25 billion per month.,"(('Federal Reserve', 0),('Treasury Securities',0),('Holdings',0))",monetary20241218a1.pdf,"['Federal Reserve', 'Treasury Securities', 'Holdings']",Setting this rate at the bottom of the target range for the federal funds rate is intended to support effective monetary policy implementation and the smooth functioning of short-term funding markets. o Roll over at auction the amount of principal payments from the Federal Reserve's holdings of Treasury securities maturing in each calendar month that exceeds a cap of $25 billion per month. Redeem Treasury coupon securities up to this monthly cap and Treasury bills to the extent that coupon principal payments are less than the monthly cap.,"['Federal Funds Target', 'Federal Funds Rate', 'Monetary Policy', 'domestic policy directive', 'Federal Reserve', 'Treasury Securities', 'auction', 'Treasury Securities', 'Repurchase Agreement (repo) Rates', 'Bond Market', 'Repo Markets']"
"And so that channel is full, I would say.","(('', ''),)",FOMCpresconf20240320.pdf,[''],"We have no shortage of FOMC participants speaking to the public through the media. And so that channel is full, I would say. So I think it’s generally broadly helped and made things better.",['Federal Open Market Committee(FOMC)']
"For 2023 as a whole, GDP expanded 3.1 percent, bolstered by strong consumer demand as well as improving supply conditions.","(('GDP', -0.929),)",FOMCpresconf20240320.pdf,['GDP'],"GDP growth in the fourth quarter of last year came in at 3.2 percent. For 2023 as a whole, GDP expanded 3.1 percent, bolstered by strong consumer demand as well as improving supply conditions. Activity in the housing sector was subdued over the past year, largely reflecting high mortgage rates.","['Growth', 'GDP', 'Growth', 'GDP', 'Inflation', 'Economic outlook', 'Mortgage', 'Cyclically Sensitive Sectors']"
"While delinquency rates on credit cards remained low relative to their historical range, those on auto loans surpassed their pre-pandemic peak.","(('Credit', -0.5), ('Finance', -0.5), ('Economy', -0.4), ('Debt', -0.5), ('Pandemic', -0.3))",fomcminutes20221214.pdf,"['Credit', 'Finance', 'Economy', 'Debt', 'Pandemic']","In contrast, delinquency rates for credit cards and auto loans continued to rise over the third quarter. While delinquency rates on credit cards remained low relative to their historical range, those on auto loans surpassed their pre-pandemic peak. Staff Economic Outlook The forecast for U.S. economic activity prepared by the staff for the December FOMC meeting was not as weak as the November projection.","['Repurchase Agreement (repo) Rates', 'Economic outlook', 'Employment']"
We’re not trying for that.,"(('', ''),)",FOMCpresconf20240320.pdf,[''],"And then that ultimately brings you, ideally, in for—brings it into a nice, easy landing at a level that is above—you know, above what we think the lowest possible ample number would be. We’re not trying for that. We want to have a cushion, a buffer, because we know that demand for reserves can be very volatile.","['Reserves', 'Dual Mandate', 'Demand']"
(more) -2-,"(('', ''),)",monetary20231213a1.pdf,[''],"The Committee is strongly committed to returning inflation to its 2 percent objective. (more) -2- In assessing the appropriate stance of monetary policy, the Committee will continue to monitor the implications of incoming information for the economic outlook.","['Federal Open Market Committee(FOMC)', 'Price Stability', 'Inflation', 'Dual Mandate', 'Monetary Policy', 'Economic outlook', 'domestic policy directive', 'Powell', 'Federal Open Market Committee(FOMC)']"
"Notation Vote By notation vote completed on November 22, 2022, the Committee unanimously approved the minutes of the Committee meeting held on November 1–2, 2022. _______________________","(('Federal Reserve', 0.681),)",fomcminutes20221214.pdf,['Federal Reserve'],"The meeting adjourned at 10:35 a.m. on December 14, 2022. Notation Vote By notation vote completed on November 22, 2022, the Committee unanimously approved the minutes of the Committee meeting held on November 1–2, 2022. _______________________ James A. Clouse Secretary Page 12 Federal Open Market Committee _____________________________________________________________________________________________","['Federal Open Market Committee(FOMC)', 'Chair', 'Powell']"
"In their discussion following the Desk briefings, partici- pants noted that the ON RRP facility had been very ef- fective in establishing a firm floor for the federal funds rate and supporting monetary policy implementation.","(('Repurchase Agreement (ON RRP)',0.8),( 'Monetary Policy',0.66),('Federal Funds Rate',0.66))",fomcminutes20210317.pdf,"['Repurchase Agreement (ON RRP)', 'Monetary Policy', 'Federal Funds Rate']","Finally, in light of more normal con- ditions in agency commercial mortgage-backed securi- ties (CMBS) markets, the Desk planned to conduct agency CMBS operations as needed to sustain smooth market functioning but would cease regularly scheduled CMBS operations. In their discussion following the Desk briefings, partici- pants noted that the ON RRP facility had been very ef- fective in establishing a firm floor for the federal funds rate and supporting monetary policy implementation. Participants commented that the facility would continue to be an important part of the monetary policy imple- mentation framework going forward, particularly in Minutes of the Meeting of March 16–17, 2021 Page 3 _____________________________________________________________________________________________ coming months with reserve levels projected to rise rap- idly.","['Treasury Securities', 'Mortgage-Backed Securities', 'Securities', 'Overnight Reverse Repurchase Agreement (ON RRP)', 'Federal Funds Target', 'domestic policy directive', 'Monetary Policy', 'Overnight Reverse Repurchase Agreement (ON RRP)', 'Powell', 'Federal Funds Target']"
"Voting for this action: Jerome H. Powell, John C. Williams, Thomas I. Barkin, Raphael W. Bostic, Michelle W. Bowman, Lael Brainard, Richard H. Clarida, Mary C. Daly, Charles L. Evans, Randal K. Quarles, and Christopher J. Waller.","(('', ''),)",fomcminutes20210317.pdf,[''],"The Committee’s assessments will take into account a wide range of information, in- cluding readings on public health, labor market conditions, inflation pressures and inflation ex- pectations, and financial and international de- velopments.” Voting for this action: Jerome H. Powell, John C. Williams, Thomas I. Barkin, Raphael W. Bostic, Michelle W. Bowman, Lael Brainard, Richard H. Clarida, Mary C. Daly, Charles L. Evans, Randal K. Quarles, and Christopher J. Waller. Voting against this action: None.","['Federal Open Market Committee(FOMC)', 'Personal Consumption Expenditures (PCE)', 'Inflation', 'domestic policy directive', 'Fiscal Policy', 'Powell', 'Chair']"
All members affirmed that the Committee is strongly committed to returning inflation to its 2 percent objective.,"(('Inflation', -0.498),)",fomcminutes20221214.pdf,['Inflation'],"In addition, members agreed that they would continue reducing the Federal Reserve’s holdings of Treasury securities and agency debt and agency mort- gage-backed securities, as described in the Plans for Re- ducing the Size of the Federal Reserve's Balance Sheet that were issued in May. All members affirmed that the Committee is strongly committed to returning inflation to its 2 percent objective. Members agreed that, in assessing the appropriate stance of monetary policy, they would continue to monitor the implications of incoming information for the economic outlook.","['Federal Reserve', 'Treasury Securities', 'Board', 'Asset Runoff', 'Reserves', 'Federal Open Market Committee(FOMC)', 'Dual Mandate', 'Monetary Policy', 'Economic outlook', 'domestic policy directive', 'Powell', 'Expectation']"
"Nominal goods exports in January nearly recovered to their level from a year earlier, with particular strength in exports of capital goods and industrial supplies.","(('Trade',0.5),('Growth',0.33),('Economy',0.33),('Pandemic',0))",fomcminutes20210317.pdf,"['Trade', 'Growth', 'Economy', 'Pandemic']","Goods imports in January were much higher than a year earlier, with continued gains in most categories. Nominal goods exports in January nearly recovered to their level from a year earlier, with particular strength in exports of capital goods and industrial supplies. Services imports and ex- ports remained depressed, weighed down by the contin- ued suspension of most international travel.","['Trade', 'GDP', 'Trade']"
"Minutes of the Federal Open Market Committee December 13–14, 2022 A joint meeting of the Federal Open Market Committee and the Board of Governors of the Federal Reserve Sys- tem was held in the offices of the Board of Governors on Tuesday, December 13, 2022, at 10:00 a.m. and con- tinued on Wednesday, December 14, 2022, at 9:00 a.m.1 Attendance Jerome H. Powell, Chair John C. Williams, Vice Chair Michael S. Barr Michelle W. Bowman Lael Brainard James Bullard Susan M. Collins Lisa D. Cook Esther L. George Philip N. Jefferson Loretta J. Mester Christopher J. Waller Charles L. Evans, Patrick Harker, Neel Kashkari, Lorie K. Logan, and Helen E. Mucciolo, Alternate Members of the Committee Thomas I. Barkin, Raphael W. Bostic, and Mary C. Daly, Presidents of the Federal Reserve Banks of Richmond, Atlanta, and San Francisco, respectively James A. Clouse, Secretary Matthew M. Luecke, Deputy Secretary Brian J. Bonis, Assistant Secretary Michelle A. Smith, Assistant Secretary Mark E. Van Der Weide, General Counsel Richard Ostrander, Deputy General Counsel Trevor A. Reeve, Economist Stacey Tevlin, Economist Beth Anne Wilson, Economist Shaghil Ahmed, Carlos Garriga, Joseph W. Gruber, and William Wascher, Associate Economists Patricia Zobel, Manager pro tem, System Open Market Account Jose Acosta, Senior Communications Analyst, Division of Information Technology, Board 1","(('Federal Open Market Committee (FOMC)', 0.0))",fomcminutes20221214.pdf,[],"More information regarding open market operations and reinvestments may be found on the Federal Reserve Bank of New York’s website. Minutes of the Federal Open Market Committee December 13–14, 2022 A joint meeting of the Federal Open Market Committee and the Board of Governors of the Federal Reserve Sys- tem was held in the offices of the Board of Governors on Tuesday, December 13, 2022, at 10:00 a.m. and con- tinued on Wednesday, December 14, 2022, at 9:00 a.m.1 Attendance Jerome H. Powell, Chair John C. Williams, Vice Chair Michael S. Barr Michelle W. Bowman Lael Brainard James Bullard Susan M. Collins Lisa D. Cook Esther L. George Philip N. Jefferson Loretta J. Mester Christopher J. Waller Charles L. Evans, Patrick Harker, Neel Kashkari, Lorie K. Logan, and Helen E. Mucciolo, Alternate Members of the Committee Thomas I. Barkin, Raphael W. Bostic, and Mary C. Daly, Presidents of the Federal Reserve Banks of Richmond, Atlanta, and San Francisco, respectively James A. Clouse, Secretary Matthew M. Luecke, Deputy Secretary Brian J. Bonis, Assistant Secretary Michelle A. Smith, Assistant Secretary Mark E. Van Der Weide, General Counsel Richard Ostrander, Deputy General Counsel Trevor A. Reeve, Economist Stacey Tevlin, Economist Beth Anne Wilson, Economist Shaghil Ahmed, Carlos Garriga, Joseph W. Gruber, and William Wascher, Associate Economists Patricia Zobel, Manager pro tem, System Open Market Account Jose Acosta, Senior Communications Analyst, Division of Information Technology, Board 1 The Federal Open Market Committee is referenced as the “FOMC” and the “Committee” in these minutes; the Board of Governors of the Federal Reserve System is referenced as the “Board” in these minutes.","['Federal Open Market Committee(FOMC)', 'Federal Reserve', 'Equity Markets', 'Financial Markets', 'Reinvestment', 'Chair', 'Federal Open Market Committee(FOMC)', 'Board', 'Powell', 'Federal Reserve', 'Chair', 'Powell', 'Federal Open Market Committee(FOMC)', 'Board', 'Chair', 'Powell', 'Federal Reserve']"
Are you still optimistic that you’ll get the confidence you need this year?,"(('', ''),)",FOMCpresconf20240320.pdf,[''],"So I think that—sorry, say your last part of your question again. Are you still optimistic that you’ll get the confidence you need this year? I, you know, I think, if you look at the SEP, what it says is that it is still likely in most people’s view that we will achieve that confidence and that there will be rate cuts.",[]
"The survey-based estimate of the expected policy path in 2024 continued to suggest a decline in the target range for the federal funds rate over 2024, little changed from the path anticipated in the November survey.","(('Interest Rates', 0.10), ('Monetary Policy', 0.05), ('Federal Funds Rate', 0.10))",fomcminutes20221214.pdf,"['Interest Rates', 'Monetary Policy', 'Federal Funds Rate']","In the December survey, the median re- spondent’s modal expectation for the path of the federal funds rate in 2023 shifted higher by 25 basis points rela- tive to the November survey. The survey-based estimate of the expected policy path in 2024 continued to suggest a decline in the target range for the federal funds rate over 2024, little changed from the path anticipated in the November survey. In contrast, the market-implied path of the federal funds rate in 2024 shifted down by as much as ¾ percentage point over the period, likely re- flecting declining risk premiums.","['Federal Funds Target', 'Federal Funds Rate', 'Federal Funds Target', 'Expectation', 'Federal Funds Target', 'Federal Funds Rate', 'Risk', 'Interest Rates', 'Money Market']"
"While we did not make any decisions today on this, the general sense of the Committee is that it will be appropriate to slow the pace of runoff fairly soon, consistent with the plans we previously issued.","(('Federal Reserve', 0.538),)",FOMCpresconf20240320.pdf,['Federal Reserve'],"At this meeting, we discussed issues related to slowing the pace of decline in our securities holdings. While we did not make any decisions today on this, the general sense of the Committee is that it will be appropriate to slow the pace of runoff fairly soon, consistent with the plans we previously issued. The decision to slow the pace of runoff does not mean that our balance sheet will ultimately shrink by less than it would otherwise but rather allows us to approach that ultimate level more gradually.","['Financial Markets', 'Cyclically Sensitive Sectors', 'Asset Runoff', 'Asset Runoff', 'Balance']"
"For release at 2:00 p.m. EST December 13, 2023 Decisions Regarding Monetary Policy Implementation","(('Monetary Policy', 0.902),)",monetary20231213a1.pdf,['Monetary Policy'],"For media inquiries, please email media@frb.gov or call 202-452-2955. For release at 2:00 p.m. EST December 13, 2023 Decisions Regarding Monetary Policy Implementation The Federal Reserve has made the following decisions to implement the monetary policy stance announced by the Federal Open Market Committee in its statement on December 13, 2023: • The Board of Governors of the Federal Reserve System voted unanimously to maintain the interest rate paid on reserve balances at 5.4 percent, effective December 14, 2023.","['Press Conference', 'Monetary Policy', 'Federal Reserve', 'Powell', 'domestic policy directive', 'Federal Funds Rate']"
A number of participants indicated that the increases in market-based measures of inflation compensation from the very low levels of last spring were consistent with the view that inflation was likely to move along a path over time con- sistent with the Committee’s goals.,"(('Inflation',0.2),('Expectation',0))",fomcminutes20210317.pdf,"['Inflation', 'Expectation']","pectations were little changed on balance. A number of participants indicated that the increases in market-based measures of inflation compensation from the very low levels of last spring were consistent with the view that inflation was likely to move along a path over time con- sistent with the Committee’s goals. Participants noted that overall financial conditions re- mained highly accommodative, in part reflecting the stance of monetary policy.","['Inflation', 'Price Stability', 'Transitory', 'Monetary Policy', 'Personal Consumption Expenditures (PCE)', 'Financial Stability', 'Monetary Policy', 'Dual Mandate', 'domestic policy directive', 'Federal Reserve']"
"Moreover, the staff assumed a slower pace of decline in the natural rate of unemploy- ment over the near term in response to recent estimates suggesting that job-matching efficiency was not improv- ing as fast as previously anticipated.","(('Unemployment', -0.5), ('Expectation', -0.5), ('Labor Market', -0.5), ('Employment', -0.4), ('Economy', -0.4))",fomcminutes20221214.pdf,"['Unemployment', 'Expectation', 'Labor Market', 'Employment', 'Economy']","The staff slightly lowered its outlook for potential output, reflecting a lower expected trend in labor force participation. Moreover, the staff assumed a slower pace of decline in the natural rate of unemploy- ment over the near term in response to recent estimates suggesting that job-matching efficiency was not improv- ing as fast as previously anticipated. With all these changes, output was expected to move below the staff’s estimate of potential near the end of 2024—a year later than in the previous forecast—and to remain below potential in 2025.","['Average Hourly Earnings', 'HIRE', 'Unemployment', 'Economic outlook']"
"In determining the extent of additional policy firming that may be appropriate to return inflation to 2 percent over time, the Committee will take into account the cumulative tightening of monetary policy, the lags with which monetary policy affects economic activity and inflation, and economic and financial developments.","(('Federal Reserve', 0.783), ('Inflation', 0.158), ('Monetary Policy', 0.883), ('Economy', 0.597),)",ARP_07.2023.pdf,"['Federal Reserve', 'Inflation', 'Monetary Policy', 'Economy']","The Committee will continue to assess additional information and its implications for monetary policy. In determining the extent of additional policy firming that may be appropriate to return inflation to 2 percent over time, the Committee will take into account the cumulative tightening of monetary policy, the lags with which monetary policy affects economic activity and inflation, and economic and financial developments. In addition, the Committee will continue reducing its holdings of Treasury securities and agency debt and agency mortgage-backed securities, as described in its previously announced plans.","['Federal Open Market Committee(FOMC)', 'domestic policy directive', 'Powell', 'Monetary Policy', 'Board', 'Monetary Policy', 'domestic policy directive', 'Inflation', 'Price Stability', 'SOMA', 'Mortgage-Backed Securities', 'Federal Open Market Committee(FOMC)', 'Treasury Securities', 'Board', 'Securities']"
"So that’s something we’re watching, but we’re not seeing it.","(('', ''),)",FOMCpresconf20240320.pdf,[''],"You know, you do see things like the low— the low hiring rate, and people have made the argument that if, if layoffs were to increase, that would—that would mean that the net would be fairly quick increases in unemployment. So that’s something we’re watching, but we’re not seeing it. Of course, initial claims are very, very low and, if anything, have tracked down a little bit.","['Unemployment', 'Labor Market', 'maximum employment', 'HIRE']"
No participants anticipated that it would be appropriate to begin reducing the federal funds rate target in 2023.,"(('Federal Funds Rate', -0.6), ('Expectation', -0.6), ('Monetary Policy', -0.5))",fomcminutes20221214.pdf,"['Federal Funds Rate', 'Expectation', 'Monetary Policy']","With inflation staying persistently above the Commit- tee’s 2 percent goal and the labor market remaining very tight, all participants had raised their assessment of the appropriate path of the federal funds rate relative to their assessment at the time of the September meeting. No participants anticipated that it would be appropriate to begin reducing the federal funds rate target in 2023. Par- ticipants generally observed that a restrictive policy stance would need to be maintained until the incoming data provided confidence that inflation was on a sus- tained downward path to 2 percent, which was likely to take some time.","['Federal Funds Target', 'Federal Funds Rate', 'Monetary Policy', 'Federal Open Market Committee(FOMC)', 'domestic policy directive', 'Federal Funds Target', 'domestic policy directive']"
And that’s what we want.,"(('', ''),)",FOMCpresconf20240320.pdf,[''],"Page 21 of 24 they’ve been—wage increases, that’s to say—wage increases have been quite strong, but they’re, they’re gradually coming down to levels that are more sustainable over time. And that’s what we want. We don’t think that—the inflation was not originally caused—we think, I don’t think, by mostly by wages.","['maximum employment', 'Average Hourly Earnings', 'Labor Market', 'Cyclically Sensitive Sectors', 'Inflation', 'maximum employment', 'Transitory', 'Labor Market']"
"Jeffrey D. Walker,2 Associate Director, Division of Reserve Bank Operations and Payment Systems, Board Min Wei, Senior Associate Director, Division of Monetary Affairs, Board Paul R. Wood, Special Adviser to the Board, Division of Board Members, Board Rebecca Zarutskie, Special Adviser to the Board, Division of Board Members, Board Selection of Committee Officer By unanimous vote, the Committee selected Richard Ostrander to serve as deputy general counsel, effective December 13, 2022, until the first regularly scheduled meeting of the Committee in 2023.","(('', ''),)",fomcminutes20221214.pdf,[''],"Page 2 Federal Open Market Committee _____________________________________________________________________________________________ Jeffrey D. Walker,2 Associate Director, Division of Reserve Bank Operations and Payment Systems, Board Min Wei, Senior Associate Director, Division of Monetary Affairs, Board Paul R. Wood, Special Adviser to the Board, Division of Board Members, Board Rebecca Zarutskie, Special Adviser to the Board, Division of Board Members, Board Selection of Committee Officer By unanimous vote, the Committee selected Richard Ostrander to serve as deputy general counsel, effective December 13, 2022, until the first regularly scheduled meeting of the Committee in 2023. Developments in Financial Markets and Open Market Operations The manager pro tem turned first to a discussion of de- velopments in financial markets.","['Federal Open Market Committee(FOMC)', 'Federal Funds Target', 'Board', 'Chair', 'Powell', 'Board', 'Financial Markets', 'Equity Markets', 'Market Liquidity', 'Bond Market', 'Finance', 'Finance']"
"And the inflation data came in a little bit higher is a separate matter, and I think that caused people to write up their inflation.","(('Inflation', 0.589),)",FOMCpresconf20240320.pdf,['Inflation'],"What it means is that, you know, we’ve seen incoming—as I pointed out in my opening remarks, we did mark up our growth forecast and so have many other forecasters, so the economy is performing, performing well. And the inflation data came in a little bit higher is a separate matter, and I think that caused people to write up their inflation. But nonetheless, we continue to make good progress on bringing inflation down.","['Economic outlook', 'Expectation', 'Development', 'Inflation', 'Personal Consumption Expenditures (PCE)', 'Transitory', 'maximum employment', 'Price Stability', 'Inflation', 'maximum employment', 'Monetary Policy', 'domestic policy directive']"
The Committee seeks to achieve maximum employment and inflation at the rate of 2 percent over the longer run.,"(('Federal Reserve', 0), ('Inflation', 0.33),('Employment',0.33))",monetary20241218a1.pdf,"['Federal Reserve', 'Inflation', 'Employment']",Inflation has made progress toward the Committee’s 2 percent objective but remains somewhat elevated. The Committee seeks to achieve maximum employment and inflation at the rate of 2 percent over the longer run. The Committee judges that the risks to achieving its employment and inflation goals are roughly in balance.,"['Inflation', 'Price Stability', 'maximum employment', 'maximum employment', 'Dual Mandate', 'Federal Open Market Committee(FOMC)', 'Inflation', 'maximum employment', 'Risk', 'Balance', 'Dual Mandate']"
Participants agreed that overall financial conditions were accommodative.,,fomcminutes20210317.pdf,[],"In particular, various participants noted that changes in the path of policy should be based primarily on observed outcomes rather than forecasts. Participants agreed that overall financial conditions were accommodative. They noted that the Federal Reserve’s asset purchases since last March had materially eased fi- nancial conditions and were providing substantial sup- port to the economy.","['Expectation', 'Economic outlook', 'Credit', 'Finance', 'Market Liquidity', 'Financial Stability', 'Federal Reserve', 'Monetary Policy', 'Federal Funds Rate']"
We know that reducing policy restraint too soon or too much could result in a reversal of the progress we have seen on inflation and ultimately require even tighter policy to get inflation back to 2 percent.,"(('Inflation', -0.727),)",FOMCpresconf20240320.pdf,['Inflation'],"We are prepared to maintain the current target range for the federal funds rate for longer, if appropriate. We know that reducing policy restraint too soon or too much could result in a reversal of the progress we have seen on inflation and ultimately require even tighter policy to get inflation back to 2 percent. At the same time, reducing policy restraint too late or too little could unduly weaken economic activity and employment.","['Federal Funds Target', 'Federal Funds Rate', 'Federal Open Market Committee(FOMC)', 'Dual Mandate', 'Federal Reserve', 'Price Stability', 'Inflation', 'Monetary Policy', 'domestic policy directive', 'Dual Mandate', 'maximum employment', 'Cyclically Sensitive Sectors']"
Participants generally observed that maintaining a re- strictive policy stance for a sustained period until infla- tion is clearly on a path toward 2 percent is appropriate from a risk-management perspective.,"(('Inflation', 0),)",fomcminutes20221214.pdf,['Inflation'],A couple of participants noted that risks to the inflation outlook were becoming more balanced. Participants generally observed that maintaining a re- strictive policy stance for a sustained period until infla- tion is clearly on a path toward 2 percent is appropriate from a risk-management perspective. Committee Policy Action,"['Inflation', 'Price Stability', 'Risk', 'Federal Open Market Committee(FOMC)']"
A number of participants stressed that recently enacted fiscal sup- port would help address some of the hardships faced by these groups and that monetary policy would also help by promoting the economy’s return to the Committee’s goals of broad-based and inclusive maximum employ- ment and price stability.,"(('Fiscal Policy',0.8),('Monetary Policy',0.8),('Employment',0.66),('Price Stability',0.66))",fomcminutes20210317.pdf,"['Fiscal Policy', 'Monetary Policy', 'Employment', 'Price Stability']",Participants observed that the economic downturn had not fallen equally on all Americans and that lower- income and Black and Hispanic households had been disproportionately affected by the pandemic. A number of participants stressed that recently enacted fiscal sup- port would help address some of the hardships faced by these groups and that monetary policy would also help by promoting the economy’s return to the Committee’s goals of broad-based and inclusive maximum employ- ment and price stability. Participants observed that household spending had risen notably so far this year and anticipated that further gains in consumer spending would contribute significantly to the economic recovery.,"['Pandemic', 'Fiscal Policy', 'Dual Mandate', 'Overnight Reverse Repurchase Agreement (ON RRP)', 'Economic outlook']"
The war and related events are contributing to upward pressure on inflation and are weighing on global economic activity.,"(('Inflation', 0.029), ('Economy', 0.042), ('War', 0.112),)",fomcminutes20221214.pdf,"['Inflation', 'Economy', 'War']",Russia’s war against Ukraine is causing tremen- dous human and economic hardship. The war and related events are contributing to upward pressure on inflation and are weighing on global economic activity. The Committee is highly at- tentive to inflation risks.,"['War', 'Inflation', 'War', 'Price Stability', 'Transitory', 'maximum employment', 'Federal Open Market Committee(FOMC)', 'Inflation', 'Price Stability', 'Personal Consumption Expenditures (PCE)', 'maximum employment']"
"The Committee’s assessments will take into account a wide range of information, including readings on public health, labor market conditions, inflation pressures and inflation expectations, and financial and international developments.","(('Federal Reserve', 0.799), ('Inflation', 0.9),)",monetary20211103a1.pdf,"['Federal Reserve', 'Inflation']","The Committee would be prepared to adjust the stance of monetary policy as appropriate if risks emerge that could impede the attainment of the Committee’s goals. The Committee’s assessments will take into account a wide range of information, including readings on public health, labor market conditions, inflation pressures and inflation expectations, and financial and international developments. (more)","['Monetary Policy', 'domestic policy directive', 'Federal Open Market Committee(FOMC)', 'Powell', 'Risk', 'Federal Open Market Committee(FOMC)']"
Engage in dollar roll and coupon swap transactions as necessary to facilitate settle- ment of the Federal Reserve’s agency MBS transactions.”,"(('Mortgage-Backed Securities',0.6),('Balance Sheet',0.33),('Monetary Policy',0.33),('Market Liquidity',0.66))",fomcminutes20210317.pdf,"['Mortgage-Backed Securities', 'Balance Sheet', 'Monetary Policy', 'Market Liquidity']","• Allow modest deviations from stated amounts for purchases and reinvestments, if needed for operational reasons. Engage in dollar roll and coupon swap transactions as necessary to facilitate settle- ment of the Federal Reserve’s agency MBS transactions.” The vote also encompassed approval of the statement below for release at 2:00 p.m.: “The Federal Reserve is committed to using its full range of tools to support the U.S. economy in this challenging time, thereby promoting its maximum employment and price stability goals.","['Reinvestment', 'Market Liquidity', 'Demand', 'Uncertain', 'Repo Markets', 'Digital Dollar', 'Treasury Securities', 'Federal Reserve', 'Monetary Policy', 'Interest on Excess Reserves (IOER)', 'Federal Reserve', 'Dual Mandate', 'Powell', 'domestic policy directive', 'Board']"
"Manufacturing activity continued to gen- erally outperform activity in the services sector, and manufactured exports from China and some other Asian economies remained strong, especially to the United States.","(('Trade',0.66),('Growth',0.66),('Economy',0.33),('Expectation',0.33),('Countries',0.1))",fomcminutes20210317.pdf,"['Trade', 'Growth', 'Economy', 'Expectation', 'Countries']","Even so, economies appeared to be better adapted to operating under restrictions than during previous waves of infections. Manufacturing activity continued to gen- erally outperform activity in the services sector, and manufactured exports from China and some other Asian economies remained strong, especially to the United States. Inflation rebounded in many foreign economies, reflecting rising energy prices and other temporary fac- tors.","['Pandemic', 'Cyclically Sensitive Sectors', 'Trade', 'Inflation', 'Transitory', 'Price Stability', 'Personal Consumption Expenditures (PCE)']"
A Summary of Eco- nomic Projections was released to the public following the conclusion of the meeting.,"(('Expectation', 0.3), ('Economy', 0.2))",fomcminutes20221214.pdf,"['Expectation', 'Economy']","The longer-run projections represented each participant’s assessment of the rate to which each variable would be expected to converge, over time, un- der appropriate monetary policy and in the absence of further shocks to the economy. A Summary of Eco- nomic Projections was released to the public following the conclusion of the meeting. In their discussion of current economic conditions, par- ticipants noted that recent indicators pointed to modest growth of spending and production.","['Economic outlook', 'Monetary Policy', 'domestic policy directive', 'Economic outlook', 'Economy/ Economic', 'Fiscal Policy', 'Growth', 'Economic outlook', 'Development']"
The Committee will closely monitor market conditions and is prepared to adjust its plans as appropriate.,"(('Federal Reserve', 0.10), ('Monetary Policy', 0.10), ('Federal Open Market Committee(FOMC)', 0.0), ('Economy', 0.0))",ARP_04.2020.pdf,"['Federal Reserve', 'Monetary Policy', 'Federal Open Market Committee(FOMC)', 'Economy']","In addition, the Open Market Desk will continue to offer large-scale overnight and term repurchase agreement operations. The Committee will closely monitor market conditions and is prepared to adjust its plans as appropriate. Voting for the monetary policy action were Jerome H. Powell, Chair; John C. Williams, Vice Chair; Michelle W. Bowman; Lael Brainard; Richard H. Clarida; Patrick Harker; Robert S. Kaplan; Neel Kashkari; Loretta J. Mester; and Randal K. Quarles.","['Repo Markets', 'Federal Open Market Committee(FOMC)', 'Powell', 'Chair', 'Board', 'domestic policy directive', 'Federal Reserve']"
"With respect to the business sector, participants ob- served that business equipment investment had contin- ued to increase and that readings on new orders and shipments of capital goods remained strong.","(('Investment',1),('Growth',1),('Expectation',0.8))",fomcminutes20210317.pdf,"['Investment', 'Growth', 'Expectation']","Low inventory was viewed as an important factor supporting strong gains in housing prices. With respect to the business sector, participants ob- served that business equipment investment had contin- ued to increase and that readings on new orders and shipments of capital goods remained strong. While some District contacts continued to report that firms in industries such as CRE or leisure, travel, and hospitality were struggling from pandemic-related social distancing, other District contacts reported that activity in these in- dustries had started to improve.","['Cyclically Sensitive Sectors', 'Cyclically Sensitive Sectors', 'Demand', 'Pandemic', 'Cyclically Sensitive Sectors']"
"Nominal wage growth has been easing, and job vacancies have declined.","(('Employment', -0.033), ('Monetary Policy', -0.033),)",FOMCpresconf20240320.pdf,"['Employment', 'Monetary Policy']","Strong job creation has been accompanied by an increase in the supply of workers, reflecting increases in participation among individuals aged 25 to 54 years and a continued strong pace of immigration. Nominal wage growth has been easing, and job vacancies have declined. Although the jobs-to- workers gap has narrowed, labor demand still exceeds the supply of available workers.","['HIRE', 'Labor Market', 'Employment', 'Unemployment', 'maximum employment', 'maximum employment', 'Unemployment', 'Labor Market', 'Average Hourly Earnings', 'Labor Market', 'Unemployment', 'maximum employment', 'Employment', 'HIRE']"
Central bank com- munications signaling a slower pace of policy rate in- creases appeared to contribute to improved sentiment.,"(('Interest Rates', 0.38), ('Monetary Policy', 0.35))",fomcminutes20221214.pdf,"['Interest Rates', 'Monetary Policy']","Following several months of tightening, financial conditions eased over the period as investor concerns about global risks edged lower and incoming data showed nascent signs of a moderation in inflationary pressures. Central bank com- munications signaling a slower pace of policy rate in- creases appeared to contribute to improved sentiment. Measures of implied volatility across financial markets declined somewhat from the elevated levels observed in October.","['Price Stability', 'Financial Stability', 'Market Liquidity', 'Monetary Policy', 'Federal Reserve']"
"Although the jobs-to- workers gap has narrowed, labor demand still exceeds the supply of available workers.","(('', ''),)",FOMCpresconf20240320.pdf,[''],"Nominal wage growth has been easing, and job vacancies have declined. Although the jobs-to- workers gap has narrowed, labor demand still exceeds the supply of available workers. FOMC participants expect the rebalancing in the labor market to continue, easing upward pressure on inflation.","['maximum employment', 'Unemployment', 'Labor Market', 'Average Hourly Earnings', 'Labor Market', 'Unemployment', 'maximum employment', 'Employment', 'HIRE', 'Federal Open Market Committee(FOMC)', 'Labor Market', 'Federal Funds Target', 'Inflation', 'Price Stability']"
"And just in general, if labor supply continued to rebound in 2024, the way it did in 2023, what would stronger hiring and possibly stronger growth mean for the path forward on policy?","(('', ''),)",FOMCpresconf20240320.pdf,[''],"Per your comment to Ann that a weakening in the labor market would be a reason to potentially cut rates or at least a consideration in making a rate cut, would continued strength in the labor market be a reason to hold off on rate cuts? And just in general, if labor supply continued to rebound in 2024, the way it did in 2023, what would stronger hiring and possibly stronger growth mean for the path forward on policy? So, so, if what we’re getting is a lot of supply and a lot of demand, and that supply is actually feeding demand because workers are getting paid and they’re spending and that’s, you know—what you would have is potentially kind of what you had last March 20, 2024 Chair Powell’s Press Conference FINAL Page 11 of 24 year, which is a bigger economy where inflationary pressures are not increasing.","['Labor Market', 'Interest Rates', 'maximum employment', 'HIRE', 'Labor Market', 'maximum employment', 'Cyclically Sensitive Sectors', 'Dual Mandate', 'Inflation', 'maximum employment', 'Labor Market', 'Demand', 'Personal Consumption Expenditures (PCE)']"
"High inflation continued to contribute to a decline in real disposable incomes, which, together with disruptions to energy supplies, depressed economic activity, especially in Europe.","(('Inflation', -0.10), ('Energy Prices', -0.10), ('Economy', -0.10), ('Countries', 0.0))",fomcminutes20221214.pdf,"['Inflation', 'Energy Prices', 'Economy', 'Countries']","Foreign economic activity grew at a moderate pace in the third quarter, but more recent data pointed to weakening growth, weighed down by the economic fallout of Rus- sia’s war against Ukraine and a COVID-19-related slow- down in China. High inflation continued to contribute to a decline in real disposable incomes, which, together with disruptions to energy supplies, depressed economic activity, especially in Europe. In China, authorities be- gan to ease social restrictions even as COVID cases surged, raising the prospect of significant disruptions to economic activity in the near term, but also a faster reo- pening.","['Growth', 'War', 'Development', 'Trade', 'Inflation', 'maximum employment', 'Transitory', 'Price Stability', 'Cyclically Sensitive Sectors', 'Pandemic']"
The Committee remains highly attentive to inflation risks.,"(('Federal Reserve', 0.305), ('Inflation', 0.305),)",ARP_07.2023.pdf,"['Federal Reserve', 'Inflation']",The extent of these effects remains uncertain. The Committee remains highly attentive to inflation risks. The Committee seeks to achieve maximum employment and inflation at the rate of 2 percent over the longer run.,"['Uncertain', 'Price Stability', 'maximum employment', 'Federal Open Market Committee(FOMC)', 'maximum employment', 'Dual Mandate', 'Federal Open Market Committee(FOMC)', 'Inflation']"
The invasion of Ukraine by Russia is causing tremendous human and economic hardship.,"(('Countries', -0.66), ('Economy', -0.75), ('War', -0.85))",monetary20220504a1.pdf,"['Countries', 'Economy', 'War']","Inflation remains elevated, reflecting supply and demand imbalances related to the pandemic, higher energy prices, and broader price pressures. The invasion of Ukraine by Russia is causing tremendous human and economic hardship. The implications for the U.S. economy are highly uncertain.","['Inflation', 'Price Stability', 'maximum employment', 'Transitory', 'Pandemic', 'Uncertain', 'Economic outlook', 'Risk', 'Cyclically Sensitive Sectors', 'Financial Stability']"
So that’s what we’re doing.,"(('', ''),)",FOMCpresconf20240320.pdf,[''],"So something like that happened in ’19 perhaps. So that’s what we’re doing. We’re looking at what would be a good time and what would be a good structure, and “fairly soon” is words that we use to mean fairly soon.",[]
I wouldn’t want to turn it back.,"(('', ''),)",FOMCpresconf20240320.pdf,[''],I think that’s a good innovation. I wouldn’t want to turn it back. We also have done a bunch of other things.,[]
They’ll react to the data.,"(('', ''),)",FOMCpresconf20240320.pdf,[''],"I generally think—I mean, this movement actually started 30 years ago—30 years ago, when some academics posited that a more transparent central bank, if the public understands your reaction function, the markets will do your work for you. They’ll react to the data. And so it all happens that way and so there’s been a march toward greater and greater transparency.","['Monetary Policy', 'SOMA', 'Press Conference']"
Participants also observed that residential construction continued to be solid and home Page 8 Federal Open Market Committee _____________________________________________________________________________________________,"(('Interest Rates',0),('Growth', 0.66))",fomcminutes20210317.pdf,"['Interest Rates', 'Growth']",Many participants also pointed to the elevated level of household savings and judged that the release of pent- up demand could boost consumption growth further as social distancing waned. Participants also observed that residential construction continued to be solid and home Page 8 Federal Open Market Committee _____________________________________________________________________________________________ sales remained robust in part because of low interest rates.,['Transitory']
"Participants noted that in- dicators of economic activity and employment had turned up recently after a period of moderation, al- though the sectors most adversely affected by the pan- demic remained weak.","(('GDP',0.66),('Employment',0.66),('Pandemic',0),('Cyclically Sensitive Sectors',-0.33))",fomcminutes20210317.pdf,"['GDP', 'Employment', 'Pandemic', 'Cyclically Sensitive Sectors']","In their consideration of the stance of monetary policy, participants reaffirmed the Federal Reserve’s commit- ment to using its full range of tools to support the U.S. economy during this challenging time, thereby promot- ing the Committee’s statutory goals of maximum em- ployment and price stability. Participants noted that in- dicators of economic activity and employment had turned up recently after a period of moderation, al- though the sectors most adversely affected by the pan- demic remained weak. Despite these positive indicators and an improved public health situation, participants agreed that the economy remained far from the Com- mittee’s longer-run goals and that the path ahead re- mained highly uncertain, with the pandemic continuing to pose considerable risks to the outlook.","['Federal Reserve', 'domestic policy directive', 'Dual Mandate', 'Monetary Policy', 'Powell', 'Cyclically Sensitive Sectors', 'maximum employment', 'Pandemic', 'Economic outlook', 'Uncertain']"
The Committee would be prepared to adjust the stance of monetary policy as appropriate if risks emerge that could impede the attainment of the Committee’s goals.,"(('Federal Reserve', 0.858),('Monetary Policy', 0))",fomcminutes20210317.pdf,"['Federal Reserve', 'Monetary Policy']","In assessing the appropriate stance of monetary policy, the Committee will continue to monitor the implications of incoming information for the economic outlook. The Committee would be prepared to adjust the stance of monetary policy as appropriate if risks emerge that could impede the attainment of the Committee’s goals. The Committee’s assessments will take into account a wide range of information, in- cluding readings on public health, labor market conditions, inflation pressures and inflation ex- pectations, and financial and international de- velopments.”","['Monetary Policy', 'Economic outlook', 'domestic policy directive', 'Powell', 'Federal Open Market Committee(FOMC)', 'Monetary Policy', 'domestic policy directive', 'Federal Open Market Committee(FOMC)', 'Powell', 'Risk', 'Federal Open Market Committee(FOMC)', 'Personal Consumption Expenditures (PCE)', 'Inflation', 'domestic policy directive', 'Fiscal Policy']"
"Obviously, inflation is some ways away from target.","(('Inflation', -0.33),)",FOMCpresconf20240320.pdf,['Inflation'],"Yes. SIMON RABINOVITCH. Obviously, inflation is some ways away from target. Unemployment, though, if you look at the projection for the full year of 4.0 percent, in February, we were already at 3.9 percent, so quite close to the median projection.","['Inflation', 'Price Stability', 'maximum employment', 'Monetary Policy', 'Transitory', 'Unemployment']"
"Against this background, participants continued to be highly attentive to inflation risks.","(('Inflation', -0.5), ('Risk', -0.6), ('Expectation', -0.4))",fomcminutes20221214.pdf,"['Inflation', 'Risk', 'Expectation']","The war and related events were contributing to upward pressure on inflation and were weighing on global economic activity. Against this background, participants continued to be highly attentive to inflation risks. Participants observed that the growth of economic ac- tivity had slowed significantly in 2022 from the previous year’s robust pace, partly in response to the Committee’s policy actions.","['Inflation', 'War', 'Price Stability', 'Transitory', 'Inflation', 'Price Stability', 'Transitory', 'Personal Consumption Expenditures (PCE)', 'Risk']"
"Interest rates on new credit card offers to borrowers with prime credit scores continued to trend down, on net, through December.","(('Interest Rates',0.66),('Expectation',0.33))",fomcminutes20210317.pdf,"['Interest Rates', 'Expectation']","Auto loan balances continued to grow in January, while credit card balances declined. Interest rates on new credit card offers to borrowers with prime credit scores continued to trend down, on net, through December. In contrast, offer rates to nonprime borrow- ers rose further.","['Interest Rates', 'Federal Funds Rate', 'Federal Funds Target', 'Overnight Rate', 'Credit', 'Interest Rates', 'Repurchase Agreement (repo) Rates', 'Overnight Rate', 'Federal Funds Rate', 'Money Market']"
Financing conditions in the residential mortgage market tightened somewhat over the intermeeting period but re- mained accommodative for stronger borrowers.,"(('Credit',-0.33),('Economy',-0.33),('Expectation',-0.1))",fomcminutes20210317.pdf,"['Credit', 'Economy', 'Expectation']","CRE loan growth at banks was weak, on net, through February, consistent with tight bank lending standards. Financing conditions in the residential mortgage market tightened somewhat over the intermeeting period but re- mained accommodative for stronger borrowers. Mort- gage rates for most borrowers increased but stayed near historically low levels, supporting elevated refinance and purchase activity through January.","['Mortgage', 'Mortgage-Backed Securities', 'Money Market', 'Debt', 'Financial Stability', 'Interest Rates', 'Mortgage', 'Repurchase Agreement (repo) Rates', 'Overnight Rate']"
"And when I say something—I, I use the term “unexpected” weakening of the labor market.","(('Labor Market', -0.33),)",FOMCpresconf20240320.pdf,['Labor Market'],"Don’t see it. And when I say something—I, I use the term “unexpected” weakening of the labor market. So, you know, we do expect the unemployment rate to—the forecast is that it would move up, I think, closer to what we see as the longer-run sustainable level.","['Labor Market', 'Uncertain', 'Unemployment', 'Transitory', 'HIRE', 'maximum employment', 'Economic outlook', 'Dual Mandate', 'Unemployment', 'Average Hourly Earnings']"
We’re very transparent.,"(('', ''),)",FOMCpresconf20240320.pdf,[''],"I think you—I mean, nothing comes to mind as really desperately in need of doing at this moment. We’re very transparent. We have no shortage of FOMC participants speaking to the public through the media.",['Federal Open Market Committee(FOMC)']
"o Allow modest deviations from stated amounts for reinvestments, if needed for operational reasons.","(('', ''),)",ARP_07.2023.pdf,[''],"the amount of principal payments from the Federal Reserve's holdings of agency debt and agency MBS received in each calendar month that exceeds a cap of $35 billion per month. o Allow modest deviations from stated amounts for reinvestments, if needed for operational reasons. o Engage in dollar roll and coupon swap transactions as necessary to facilitate settlement of the Federal Reserve's agency MBS transactions.""","['Board', 'Debt', 'Federal Reserve', 'SOMA', 'Reserves', 'Reinvestment', 'Market Liquidity', 'Digital Dollar', 'Federal Reserve', 'Treasury Securities', 'Monetary Policy', 'Overnight Reverse Repurchase Agreement (ON RRP)']"
"Yields for corporate bonds declined, while borrowing costs for leveraged loans remained at an ele- vated level.","(('Financial Markets', 0.0), ('Interest Rates', -0.21), ('Economy', -0.12), ('Yields', -0.25))",fomcminutes20221214.pdf,"['Financial Markets', 'Interest Rates', 'Economy', 'Yields']","In domestic credit markets, changes in borrowing costs were mixed during the intermeeting period but remained above levels observed at the end of the previous tight- ening cycle. Yields for corporate bonds declined, while borrowing costs for leveraged loans remained at an ele- vated level. Bank interest rates for commercial and in- dustrial (C&I) loans continued to trend up in the third quarter.","['Credit', 'Transitory', 'Money Market', 'Debt', 'Bond Market', 'Interest Rates', 'Federal Funds Rate', 'Overnight Rate', 'Federal Funds Target']"
"Market-based measures of inflation compensation at the 5- and 10-year horizons had continued to move up over the intermeet- ing period, while survey-based measures of inflation ex-","(('Inflation',0.66))",fomcminutes20210317.pdf,[],"Participants discussed market- and survey-based measures of longer-term inflation expectations and their implications for the inflation outlook. Market-based measures of inflation compensation at the 5- and 10-year horizons had continued to move up over the intermeet- ing period, while survey-based measures of inflation ex- pectations were little changed on balance.","['Inflation', 'Expectation', 'Price Stability', 'Economic outlook', 'Personal Consumption Expenditures (PCE)', 'Inflation', 'Price Stability', 'Transitory', 'Monetary Policy', 'Average Hourly Earnings']"
I will have more to say about monetary policy after briefly reviewing economic developments.,"(('Monetary Policy', 0.839),)",FOMCpresconf20240320.pdf,['Monetary Policy'],"As labor market tightness has eased and progress on inflation has continued, the risks to achieving our employment and inflation goals are moving into better balance. I will have more to say about monetary policy after briefly reviewing economic developments. Recent indicators suggest that economic activity has been expanding at a solid pace.","['Price Stability', 'Labor Market', 'maximum employment', 'Dual Mandate', 'Monetary Policy', 'domestic policy directive', 'Federal Reserve', 'Powell', 'Fiscal Policy', 'Growth', 'Development', 'Economic outlook', 'Cyclically Sensitive Sectors', 'Economy/ Economic']"
"(('Economy', -0.881),('Dual Mandate', 0))","(('Employment', 0.084),('Dual Mandate', 0))",FOMCpresconf20240320.pdf,"['Employment', 'Dual Mandate']","Notation Vote By notation vote completed on February 16, 2021, the Committee unanimously approved the minutes of the Committee meeting held on January 26–27, 2021. _______________________ (('Economy', -0.881),('Dual Mandate', 0)) The economy has made considerable progress toward our dual-mandate objectives.","['Dual Mandate', 'Board', 'Chair', 'Dual Mandate', 'Economy/ Economic', 'maximum employment', 'domestic policy directive']"
rates that were at or below zero in some cases.,"(('', ''),)",FOMCpresconf20240320.pdf,[''],"I mean, my instinct would be that rates will not go back down to the very low levels that we saw, where, all around the world, there were long- run [real interest] rates that were at or below zero in some cases. I don’t see rates going back down to that level.","['Interest Rates', 'Overnight Rate', 'Price Stability', 'Federal Funds Rate', 'Inflation', 'Interest Rates', 'Overnight Rate']"
Disorderly condi- tions in Treasury markets or a persistent rise in yields that could jeopardize progress toward the Committee’s goals were seen as cause for concern.,"(('Yields',-0.33),('Risk', -0.66))",fomcminutes20210317.pdf,"['Yields', 'Risk']","Participants commented on the notable rise in longer-term Treasury yields that oc- curred over the intermeeting period and generally viewed it as reflecting the improved economic outlook, some firming in inflation expectations, and expectations for increased Treasury debt issuance. Disorderly condi- tions in Treasury markets or a persistent rise in yields that could jeopardize progress toward the Committee’s goals were seen as cause for concern. While overall fi- nancial conditions were still seen as accommodative, a number of participants remarked that financing condi- tions remained challenging for many small businesses.","['Treasury Securities', 'US dollar Appreciation', 'Term Premium', 'Treasury Securities', 'Yields']"
"A couple of other par- ticipants, however, commented that excess savings, par- ticularly among low-income households, appeared to be lower and declining more rapidly than previously thought or that the savings, the majority of which ap- peared to be held by higher-income households, might continue to be largely unspent.","(('Expectation', -0.4), ('Economy', -0.4), ('Growth', -0.3))",fomcminutes20221214.pdf,"['Expectation', 'Economy', 'Growth']","A couple of participants remarked that excess savings likely would continue to support con- sumption spending for a while. A couple of other par- ticipants, however, commented that excess savings, par- ticularly among low-income households, appeared to be lower and declining more rapidly than previously thought or that the savings, the majority of which ap- peared to be held by higher-income households, might continue to be largely unspent. Several participants re- marked that budgets were stretched for low-to-moder- ate-income households and that many consumers were shifting their spending to less expensive alternatives.",['Demand']
"2022 Decisions Regarding Monetary Policy Implementation The Federal Reserve has made the following decisions to implement the monetary policy stance announced by the Federal Open Market Committee in its statement on May 4, 2022:","(('Federal Reserve', 0.0), ('Monetary Policy', 0.0), ('Federal Open Market Committee (FOMC)', 0.0))",monetary20220504a1.pdf,"['Federal Reserve', 'Monetary Policy', 'Federal Open Market Committee (FOMC)']","For release at 2 p.m. EDT May 4, 2022 Decisions Regarding Monetary Policy Implementation The Federal Reserve has made the following decisions to implement the monetary policy stance announced by the Federal Open Market Committee in its statement on May 4, 2022: The Board of Governors of the Federal Reserve System voted unanimously to raise the interest rate paid on reserve balances to 0.9 percent, effective May 5, 2022.","['Monetary Policy', 'domestic policy directive', 'Powell', 'Federal Reserve', 'Overnight Reverse Repurchase Agreement (ON RRP)', 'Powell', 'domestic policy directive', 'Federal Reserve', 'Monetary Policy', 'Federal Open Market Committee(FOMC)', 'Federal Funds Rate', 'Interest Rates', 'Interest on Excess Reserves (IOER)', 'Board', 'Monetary Policy']"
The Com- mittee is strongly committed to returning infla- tion to its 2 percent objective.,"(('inflation', 0), ('Federal Reserve', 0.858),)",fomcminutes20221214.pdf,"['inflation', 'Federal Reserve']","In addition, the Committee will con- tinue reducing its holdings of Treasury securi- ties and agency debt and agency mortgage- backed securities, as described in the Plans for Reducing the Size of the Federal Reserve’s Bal- ance Sheet that were issued in May. The Com- mittee is strongly committed to returning infla- tion to its 2 percent objective. In assessing the appropriate stance of monetary policy, the Committee will continue to monitor the implications of incoming information for the economic outlook.","['Federal Open Market Committee(FOMC)', 'Treasury Securities', 'Board', 'Federal Reserve', 'Powell', 'Monetary Policy', 'Economic outlook', 'domestic policy directive', 'Powell', 'Federal Open Market Committee(FOMC)']"
"Page 24 of 24 when you testified before the Senate a couple weeks ago, you told lawmakers that you are “not far from receiving the confidence needed on inflation to begin cutting rates.”","(('Inflation', -0.59), ('Congress', 0.558))",FOMCpresconf20240320.pdf,"['Inflation', 'Congress']","But March 20, 2024 Chair Powell’s Press Conference FINAL Page 24 of 24 when you testified before the Senate a couple weeks ago, you told lawmakers that you are “not far from receiving the confidence needed on inflation to begin cutting rates.” So are you still of that belief or not?","['Powell', 'Chair']"
"Participants observed that labor market conditions had improved recently, as payroll employment registered strong gains in February and the unemployment rate fell to 6.2 percent.","(('Employment',0.99),('Unemployment',0.99),('Labor Market',0.66))",fomcminutes20210317.pdf,"['Employment', 'Unemployment', 'Labor Market']","Several par- ticipants judged that the support provided by the ARP could improve the financial positions of small firms that had been adversely affected by the pandemic. Participants observed that labor market conditions had improved recently, as payroll employment registered strong gains in February and the unemployment rate fell to 6.2 percent. Even so, payroll employment was about 9.5 million jobs below its pre-pandemic level, and labor market conditions for those in the most disadvantaged communities were viewed as lagging behind those of other households.","['Labor Market', 'HIRE', 'Employment', 'Unemployment', 'Average Hourly Earnings', 'Pandemic', 'Unemployment', 'HIRE', 'Labor Market', 'maximum employment']"
"However, flows into dedicated EME equity funds remained strong.","(('Equity Price',0.99),('Countries',0),('Expectation',0.33))",fomcminutes20210317.pdf,"['Equity Price', 'Countries', 'Expectation']","EME sovereign spreads edged up, and flows into EME bond funds fell back later in the period amid the rise in yields in ad- vanced economies. However, flows into dedicated EME equity funds remained strong. Overall, foreign eq- uity indexes increased slightly in most major markets.","['Treasury Securities', 'Asset Runoff', 'Asset Runoff']"
Risks to the economic outlook remain.,"(('Economy', 0.057), ('Risk', 0.057),)",monetary20211103a1.pdf,"['Economy', 'Risk']",Progress on vaccinations and an easing of supply constraints are expected to support continued gains in economic activity and employment as well as a reduction in inflation. Risks to the economic outlook remain. The Committee seeks to achieve maximum employment and inflation at the rate of 2 percent over the longer run.,"['Price Stability', 'Inflation', 'Economic outlook', 'Pandemic', 'Risk', 'Economic outlook', 'Uncertain', 'Expectation', 'Financial Stability', 'maximum employment', 'Dual Mandate', 'Federal Open Market Committee(FOMC)', 'Inflation']"
ery.,,fomcminutes20210317.pdf,[],"New orders indexes in national and re- gional manufacturing surveys pointed toward solid in- creases in factory output in the coming months, al- though reports of shortages in materials and labor, as well as bottlenecks in transportation, signaled some po- tential restraints on the pace of the manufacturing recov- ery. Total real government purchases appeared to be rising in the first quarter after edging down in the fourth quar- ter.",['Cyclically Sensitive Sectors']
"As part of its policy decision, the Federal Open Market Committee voted to authorize and direct the Open Market Desk at the Federal Reserve Bank of New York, until instructed otherwise, to execute transactions in the System Open Market Account in accordance with the following domestic policy directive: “Effective April 30, 2020, the Federal Open Market Committee directs the Desk to: o Undertake open market operations as necessary to maintain the federal funds rate in a target range of 0 to 1/4 percent.","(('Federal Reserve', 0.0), ('Interest Rates', 0.0), ('Monetary Policy', 0.0), ('Federal Open Market Committee (FOMC)', 0.0), ('Federal Funds Rate', 0.0))",ARP_04.2020.pdf,"['Federal Reserve', 'Interest Rates', 'Monetary Policy', 'Federal Open Market Committee (FOMC)', 'Federal Funds Rate']","The Board of Governors of the Federal Reserve System voted unanimously to maintain the interest rate paid on required and excess reserve balances at 0.10 percent, effective April 30, 2020. As part of its policy decision, the Federal Open Market Committee voted to authorize and direct the Open Market Desk at the Federal Reserve Bank of New York, until instructed otherwise, to execute transactions in the System Open Market Account in accordance with the following domestic policy directive: “Effective April 30, 2020, the Federal Open Market Committee directs the Desk to: o Undertake open market operations as necessary to maintain the federal funds rate in a target range of 0 to 1/4 percent. Increase the System Open Market Account holdings of Treasury securities, agency mortgage-backed securities (MBS), and agency commercial mortgage-backed securities (CMBS) in the amounts needed to support the smooth functioning of markets for these securities.","['Federal Funds Rate', 'Interest on Excess Reserves (IOER)', 'Board', 'Interest Rates', 'Federal Reserve', 'Federal Open Market Committee(FOMC)', 'Federal Funds Target', 'Federal Funds Rate', 'SOMA', 'Board', 'Mortgage-Backed Securities', 'Treasury Securities', 'Financial Markets', 'Securities', 'Bond Market']"
"In addition, members agreed that the ongoing public health crisis continued to weigh on economic activity, employment, and inflation and was posing considerable risks to the economic outlook.","(('Pandemic',0),('Risk',-0.8),('Economy',-0.8),('Employment',-0.8),('Inflation',-0.8))",fomcminutes20210317.pdf,"['Pandemic', 'Risk', 'Economy', 'Employment', 'Inflation']","Members also remarked that the path of the economy would depend significantly on the course of the virus, including pro- gress on vaccinations. In addition, members agreed that the ongoing public health crisis continued to weigh on economic activity, employment, and inflation and was posing considerable risks to the economic outlook. Members agreed that the Federal Reserve was commit- ted to using its full range of tools to support the U.S. economy in this challenging time, thereby promoting its maximum-employment and price-stability goals.","['Pandemic', 'Pandemic', 'Dual Mandate', 'Federal Reserve', 'Powell', 'domestic policy directive', 'Board']"
"Participants cited the possibility that price pres- sures could prove to be more persistent than anticipated, due to, for example, the labor market staying tight for longer than anticipated.","(('Inflation', -0.7), ('Labor Market', 0.2), ('Expectation', -0.6), ('Risk', -0.7))",fomcminutes20221214.pdf,"['Inflation', 'Labor Market', 'Expectation', 'Risk']","Participants generally noted that the uncertainty associ- ated with their economic outlooks was high and that the risks to the inflation outlook remained tilted to the up- side. Participants cited the possibility that price pres- sures could prove to be more persistent than anticipated, due to, for example, the labor market staying tight for longer than anticipated. Participants saw a number of uncertainties surrounding the outlook for inflation stemming from factors abroad, such as China’s relaxation of its zero-COVID policies, Russia’s continuing war against Ukraine, and effects of synchronous policy firming by major central banks.","['Uncertain', 'Price Stability', 'Economic outlook', 'Expectation', 'Risk', 'Uncertain', 'Expectation', 'Uncertain', 'Price Stability', 'Inflation', 'Monetary Policy', 'domestic policy directive']"
"The meeting adjourned at 10:35 a.m. on December 14, 2022.","(('', ''),)",fomcminutes20221214.pdf,[''],"Minutes of the Meeting of December 13–14, 2022 Page 11 _____________________________________________________________________________________________ The meeting adjourned at 10:35 a.m. on December 14, 2022. Notation Vote By notation vote completed on November 22, 2022, the Committee unanimously approved the minutes of the Committee meeting held on November 1–2, 2022. _______________________",[]
"Jon Faust, Senior Special Adviser to the Chair, Division of Board Members, Board Glenn Follette, Associate Director, Division of Research and Statistics, Board Joshua Gallin, Senior Special Adviser to the Chair, Division of Board Members, Board Jonathan E. Goldberg, Principal Economist, Division of Monetary Affairs, Board Erik A. Heitfield, Deputy Associate Director, Division of Research and Statistics, Board Valerie S. Hinojosa, Section Chief, Division of Monetary Affairs, Board Jane E. Ihrig, Special Adviser to the Board, Division of Board Members, Board Benjamin K. Johannsen, Section Chief, Division of Monetary Affairs, Board Michael T. Kiley, Deputy Director, Division of Financial Stability, Board Don H. Kim, Senior Adviser, Division of Monetary Affairs, Board Elizabeth K. Kiser, Associate Director, Division of Research and Statistics, Board Sylvain Leduc, Executive Vice President, Federal Reserve Bank of San Francisco Andreas Lehnert, Director, Division of Financial Stability, Board Paul Lengermann, Assistant Director, Division of Research and Statistics, Board Eric LeSueur,2 Policy and Market Monitoring Advisor, Federal Reserve Bank of New York Kurt F. Lewis, Special Adviser to the Board, Division of Board Members, Board Laura Lipscomb, Special Adviser to the Board, Division of Board Members, Board David López-Salido, Senior Associate Director, Division of Monetary Affairs, Board Jonathan P. McCarthy, Economic Research Advisor, Federal Reserve Bank of New York 3","(('', ''),)",fomcminutes20221214.pdf,[''],"Page 1 _____________________________________________________________________________________________ Jon Faust, Senior Special Adviser to the Chair, Division of Board Members, Board Glenn Follette, Associate Director, Division of Research and Statistics, Board Joshua Gallin, Senior Special Adviser to the Chair, Division of Board Members, Board Jonathan E. Goldberg, Principal Economist, Division of Monetary Affairs, Board Erik A. Heitfield, Deputy Associate Director, Division of Research and Statistics, Board Valerie S. Hinojosa, Section Chief, Division of Monetary Affairs, Board Jane E. Ihrig, Special Adviser to the Board, Division of Board Members, Board Benjamin K. Johannsen, Section Chief, Division of Monetary Affairs, Board Michael T. Kiley, Deputy Director, Division of Financial Stability, Board Don H. Kim, Senior Adviser, Division of Monetary Affairs, Board Elizabeth K. Kiser, Associate Director, Division of Research and Statistics, Board Sylvain Leduc, Executive Vice President, Federal Reserve Bank of San Francisco Andreas Lehnert, Director, Division of Financial Stability, Board Paul Lengermann, Assistant Director, Division of Research and Statistics, Board Eric LeSueur,2 Policy and Market Monitoring Advisor, Federal Reserve Bank of New York Kurt F. Lewis, Special Adviser to the Board, Division of Board Members, Board Laura Lipscomb, Special Adviser to the Board, Division of Board Members, Board David López-Salido, Senior Associate Director, Division of Monetary Affairs, Board Jonathan P. McCarthy, Economic Research Advisor, Federal Reserve Bank of New York 3 Attended Tuesday’s session only.","['Powell', 'Board', 'Federal Reserve', 'Chair', 'SOMA']"
"Participants observed that the growth of economic ac- tivity had slowed significantly in 2022 from the previous year’s robust pace, partly in response to the Committee’s policy actions.","(('Economy', -0.6), ('Monetary Policy', -0.3), ('Federal Open Market Committee(FOMC)', -0.2))",fomcminutes20221214.pdf,"['Economy', 'Monetary Policy', 'Federal Open Market Committee(FOMC)']","Against this background, participants continued to be highly attentive to inflation risks. Participants observed that the growth of economic ac- tivity had slowed significantly in 2022 from the previous year’s robust pace, partly in response to the Committee’s policy actions. The effects of those actions were espe- cially notable in interest-sensitive sectors, particularly housing.","['Inflation', 'Price Stability', 'Transitory', 'Personal Consumption Expenditures (PCE)', 'Risk', 'Cyclically Sensitive Sectors', 'Mortgage-Backed Securities']"
The Committee judges that the risks to achieving its employment and inflation goals continue to move into better balance.,"(('Federal Reserve', 0.627), ('Inflation', -0.891), ('Employment', -0.481),)",monetary20240731a1.pdf,"['Federal Reserve', 'Inflation', 'Employment']","The Committee seeks to achieve maximum employment and inflation at the rate of 2 percent over the longer run. The Committee judges that the risks to achieving its employment and inflation goals continue to move into better balance. The economic outlook is uncertain, and the Committee is attentive to the risks to both sides of its dual mandate.","['maximum employment', 'Dual Mandate', 'Federal Open Market Committee(FOMC)', 'Inflation', 'maximum employment', 'Balance', 'Dual Mandate', 'Uncertain', 'Risk', 'Dual Mandate', 'Economic outlook']"
"They noted that following a moderation in the pace of the re- covery, indicators of economic activity and employment had turned up recently, although the sectors most ad- versely affected by the pandemic remained weak.","(('GDP',0.33),('Employment',0.33),('Cyclically Sensitive Sectors',-0.33),('Pandemic',0))",fomcminutes20210317.pdf,"['GDP', 'Employment', 'Cyclically Sensitive Sectors', 'Pandemic']","In their discussion of monetary policy for this meeting, members agreed that the COVID-19 pandemic was causing tremendous human and economic hardship across the United States and around the world. They noted that following a moderation in the pace of the re- covery, indicators of economic activity and employment had turned up recently, although the sectors most ad- versely affected by the pandemic remained weak. Infla- tion continued to run below 2 percent.","['Pandemic', 'Pandemic', 'Cyclically Sensitive Sectors']"
Equity markets moved higher.,"(('Economy', 0.40), ('Equity Markets', 0.20))",fomcminutes20221214.pdf,"['Economy', 'Equity Markets']","Consistent with the decline in volatility, model-based measures suggested that a drop in term premiums accounted for much of the decline in Treasury yields over the period. Equity markets moved higher. However, equity market contacts noted risks to growth ahead, and earnings expectations for coming quarters had been marked down.","['Term Premium', 'Treasury Securities', 'Equity Markets', 'Financial Markets', 'Market Liquidity', 'Equity Price', 'Risk', 'Expectation', 'Equity Markets']"
"Consistent with the Committee’s decision to leave the target range for the federal funds rate unchanged, the Board of Governors voted unanimously to leave the in- terest rates on required and excess reserve balances at 0.10 percent.","(('Federal Reserve', 0.813), ('Interest Rates', 0.625),('Balance', 0))",fomcminutes20210317.pdf,"['Federal Reserve', 'Interest Rates', 'Balance']","Voting against this action: None. Consistent with the Committee’s decision to leave the target range for the federal funds rate unchanged, the Board of Governors voted unanimously to leave the in- terest rates on required and excess reserve balances at 0.10 percent. The Board of Governors also voted unan- imously to approve establishment of the primary credit rate at the existing level of 0.25 percent, effective March 18, 2021.","['Federal Funds Target', 'Federal Funds Rate', 'Board', 'Federal Open Market Committee(FOMC)', 'Interest on Excess Reserves (IOER)', 'Board']"
"In support of these goals, the Committee decided to raise the target range for the federal funds rate to 5-1/4 to 5-1/2 percent.","(('Federal Reserve', 0.263), ('Interest Rates', 0.503),)",ARP_07.2023.pdf,"['Federal Reserve', 'Interest Rates']","The Committee seeks to achieve maximum employment and inflation at the rate of 2 percent over the longer run. In support of these goals, the Committee decided to raise the target range for the federal funds rate to 5-1/4 to 5-1/2 percent. The Committee will continue to assess additional information and its implications for monetary policy.","['maximum employment', 'Dual Mandate', 'Federal Open Market Committee(FOMC)', 'Inflation', 'Federal Funds Target', 'Federal Open Market Committee(FOMC)', 'Federal Funds Rate', 'Federal Open Market Committee(FOMC)', 'domestic policy directive', 'Powell', 'Monetary Policy', 'Board']"
"Well, you’ve talked about the desire to have confidence that inflation is continually moving down.","(('Inflation', -0.057),)",FOMCpresconf20240320.pdf,['Inflation'],"March 20, 2024 Chair Powell’s Press Conference FINAL Page 13 of 24 MICHAEL MCKEE. Well, you’ve talked about the desire to have confidence that inflation is continually moving down. Have the recent numbers we’ve gotten for inflation data dented that confidence at all? CHAIR POWELL.","['Chair', 'Powell', 'Price Stability', 'Uncertain', 'Inflation', 'Transitory', 'Monetary Policy', 'Chair', 'Powell']"
"Participants also discussed re- ports of shortages in materials, key intermediate inputs, and labor as well as bottlenecks in shipping.","(('Supply Chain',-0.99),('Labor Market',-0.33))",fomcminutes20210317.pdf,"['Supply Chain', 'Labor Market']","Participants noted that surveys of business activity had picked up recently and that many District contacts were growing increasingly optimistic about business prospects given ongoing pro- gress on vaccinations. Participants also discussed re- ports of shortages in materials, key intermediate inputs, and labor as well as bottlenecks in shipping. A few par- ticipants noted that higher crop prices were continuing to boost income in the agricultural sector.",['Demand']
"Following the discussion, the Chair noted the potential for downward pressure on money market rates and sug- gested that, should undue downward pressure on over- night rates emerge, it might be appropriate to implement adjustments to administered rates at upcoming meetings or even between meetings to support effective policy im- plementation and ensure that the federal funds rate re- mains well within the target range.","(( 'Money Market',-0.66),('Overnight Rate',-0.66),('Monetary Policy',0.66),('Federal Funds Rate',0.66))",fomcminutes20210317.pdf,"['Money Market', 'Overnight Rate', 'Monetary Policy', 'Federal Funds Rate']","In light of the po- tential for greater use of the ON RRP facility going for- ward in connection with the expansion of the Federal Reserve’s balance sheet and associated downward pres- sure on overnight rates, a couple of participants noted that it might be useful to review lessons learned regard- ing the ON RRP facility since its inception. Following the discussion, the Chair noted the potential for downward pressure on money market rates and sug- gested that, should undue downward pressure on over- night rates emerge, it might be appropriate to implement adjustments to administered rates at upcoming meetings or even between meetings to support effective policy im- plementation and ensure that the federal funds rate re- mains well within the target range. By unanimous vote, the Committee ratified the Desk’s domestic transactions over the intermeeting period.","['Overnight Reverse Repurchase Agreement (ON RRP)', 'Federal Funds Rate', 'Federal Funds Target', 'Overnight Reverse Repurchase Agreement (ON RRP)', 'Monetary Policy', 'domestic policy directive']"
"The $30 billion limit had been established a number of years ago, and the amount of credit intermediated through money markets had grown substantially since then.","(('Money Market',0.66)",fomcminutes20210317.pdf,[],"The review rec- ommended raising the ON RRP per-counterparty limit from $30 billion to $80 billion. The $30 billion limit had been established a number of years ago, and the amount of credit intermediated through money markets had grown substantially since then. The increase in the limit to $80 billion would restore the capacity of the facility relative to the aggregate size of money fund counterpar- ties to roughly the level in place when the facility was established.","['Overnight Reverse Repurchase Agreement (ON RRP)', 'Credit', 'Money Market']"
The Committee (more) -2- would be prepared to adjust the stance of monetary policy as appropriate if risks emerge that could impede the attainment of the Committee’s goals.,"(('Federal Reserve', 0.848), ('Monetary Policy', 0.824),)",ARP_07.2023.pdf,"['Federal Reserve', 'Monetary Policy']","In assessing the appropriate stance of monetary policy, the Committee will continue to monitor the implications of incoming information for the economic outlook. The Committee (more) -2- would be prepared to adjust the stance of monetary policy as appropriate if risks emerge that could impede the attainment of the Committee’s goals. The Committee’s assessments will take into account a wide range of information, including readings on labor market conditions, inflation pressures and inflation expectations, and financial and international developments.","['Monetary Policy', 'Economic outlook', 'domestic policy directive', 'Powell', 'Federal Open Market Committee(FOMC)', 'Powell', 'Federal Open Market Committee(FOMC)', 'Monetary Policy', 'domestic policy directive', 'Federal Funds Target', 'Federal Open Market Committee(FOMC)', 'Labor Market', 'Average Hourly Earnings']"
JENNIFER SCHONBERGER.,"(('', ''),)",FOMCpresconf20240320.pdf,[''],"But that’s what I had in mind. JENNIFER SCHONBERGER. But given that you said that PCE for February, 2.8 percent the estimate, and that we have been seeing PCE—core PCE coming down by a tenth of a percent every month, I mean, wouldn’t you be at about 2.4 percent this summer, June, July, to a point where you could cut then? CHAIR POWELL.","['Personal Consumption Expenditures (PCE)', 'Chair', 'Powell']"
Inflation continues to run below 2 per- cent.,"(('Inflation',-0.66))",fomcminutes20210317.pdf,[],"Following a moderation in the pace of the recovery, indi- cators of economic activity and employment have turned up recently, although the sectors most adversely affected by the pandemic remain weak. Inflation continues to run below 2 per- cent. Overall financial conditions remain ac- commodative, in part reflecting policy measures to support the economy and the flow of credit to U.S. households and businesses.","['Pandemic', 'Cyclically Sensitive Sectors', 'maximum employment', 'Inflation', 'Price Stability', 'maximum employment', 'Monetary Policy', 'Personal Consumption Expenditures (PCE)', 'Financial Stability', 'Credit', 'Federal Reserve', 'Dual Mandate', 'domestic policy directive']"
"In recent months, there has been some further progress toward the Committee’s 2 percent inflation objective.","(('Federal Reserve', -0.867), ('Inflation', -0.561),)",monetary20240731a1.pdf,"['Federal Reserve', 'Inflation']","Inflation has eased over the past year but remains somewhat elevated. In recent months, there has been some further progress toward the Committee’s 2 percent inflation objective. The Committee seeks to achieve maximum employment and inflation at the rate of 2 percent over the longer run.","['Inflation', 'Price Stability', 'maximum employment', 'Transitory', 'Inflation', 'Price Stability', 'maximum employment', 'Dual Mandate', 'Federal Open Market Committee(FOMC)', 'Inflation']"
"Jeanna Smialek, the New York Times.","(('', ''),)",FOMCpresconf20240320.pdf,[''],"Nonetheless, we’re looking for data that confirm the kind of low readings that we had last year and give us a higher degree of confidence that what we saw was really inflation moving sustainably down to 2 percent—toward 2 percent. Jeanna Smialek, the New York Times. Thank you for taking our questions.",[]
"You know, we saw—that’s been a question for a while.","(('', ''),)",FOMCpresconf20240320.pdf,[''],"There are also supply-side things happening, but I think those are demand-side things happening. You know, we saw—that’s been a question for a while. We did see progress on inflation last year—significant progress, despite financial conditions sometimes being tighter, sometimes looser.","['Cyclically Sensitive Sectors', 'Demand', 'Labor Market', 'Pandemic', 'Price Stability', 'Inflation']"
"The longer-run projections represented each participant’s assessment of the rate to which each variable would be expected to converge, over time, un- der appropriate monetary policy and in the absence of further shocks to the economy.","(('Expectation',0),('Monetary Policy',0.2),('Risk',0))",fomcminutes20210317.pdf,"['Expectation', 'Monetary Policy', 'Risk']","In conjunction with this FOMC meeting, participants submitted their projections of the most likely outcomes for real GDP growth, the unemployment rate, and infla- tion for each year from 2021 through 2023 and over the longer run, based on their individual assessments of ap- propriate monetary policy, including the path of the fed- eral funds rate. The longer-run projections represented each participant’s assessment of the rate to which each variable would be expected to converge, over time, un- der appropriate monetary policy and in the absence of further shocks to the economy. A Summary of Eco- nomic Projections was released to the public following the conclusion of the meeting.","['Federal Open Market Committee(FOMC)', 'Economic outlook', 'Federal Funds Target', 'Monetary Policy', 'domestic policy directive', 'Economic outlook', 'Monetary Policy', 'domestic policy directive', 'Economic outlook']"
(more) -2-,"(('', ''),)",monetary20250507a1.pdf,[''],"In a related action, the Board of Governors of the Federal Reserve System voted unanimously to approve the establishment of the primary credit rate at the existing level of 4.5 percent. (more) -2- This information will be updated as appropriate to reflect decisions of the Federal Open Market Committee or the Board of Governors regarding details of the Federal Reserve's operational tools and approach used to implement monetary policy.","['Federal Funds Rate', 'Board', 'Interest on Excess Reserves (IOER)', 'Federal Reserve', 'Federal Open Market Committee(FOMC)', 'domestic policy directive', 'Federal Reserve', 'Board', 'Federal Open Market Committee(FOMC)', 'Monetary Policy']"
Page 20 of 24 balance sheet constant and allow nonreserve liabilities to expand.,"(('Balance Sheet', 0),)",FOMCpresconf20240320.pdf,['Balance Sheet'],"Then you have another time where you effectively hold the March 20, 2024 Chair Powell’s Press Conference FINAL Page 20 of 24 balance sheet constant and allow nonreserve liabilities to expand. And then that ultimately brings you, ideally, in for—brings it into a nice, easy landing at a level that is above—you know, above what we think the lowest possible ample number would be.","['Balance Sheet', 'Balance', 'Chair', 'Powell', 'Asset Runoff']"
Several par- ticipants judged that the support provided by the ARP could improve the financial positions of small firms that had been adversely affected by the pandemic.,"(('Fiscal Policy',0.8),('Pandemic',0))",fomcminutes20210317.pdf,"['Fiscal Policy', 'Pandemic']","A few par- ticipants noted that higher crop prices were continuing to boost income in the agricultural sector. Several par- ticipants judged that the support provided by the ARP could improve the financial positions of small firms that had been adversely affected by the pandemic. Participants observed that labor market conditions had improved recently, as payroll employment registered strong gains in February and the unemployment rate fell to 6.2 percent.","['Labor Market', 'HIRE', 'Employment', 'Unemployment', 'Average Hourly Earnings']"
"Following the transitory increase this year, inflation was projected to run a bit below 2 percent next year and then to reach 2 percent by 2023, reflecting tight resource utilization in product and labor markets.","(('Inflation',0.66),('Labor Market',0.66),('Expectation',0.66),('Price Stability',0.2))",fomcminutes20210317.pdf,"['Inflation', 'Labor Market', 'Expectation', 'Price Stability']","In addition, inflation was forecast to be temporarily boosted this year by the expected emergence of some production bottlenecks and supply constraints. Following the transitory increase this year, inflation was projected to run a bit below 2 percent next year and then to reach 2 percent by 2023, reflecting tight resource utilization in product and labor markets. The staff continued to see the uncertainty surrounding the outlook as elevated.","['Inflation', 'Price Stability', 'Transitory', 'Economic outlook', 'maximum employment', 'Inflation', 'Transitory', 'Price Stability', 'maximum employment', 'Uncertain']"
o Conduct overnight reverse repurchase agreement operations at an offering rate of 0.00 percent and with a per-counterparty limit of $30 billion per day; the per-counterparty limit can be temporarily increased at the discretion of the Chair.,"(('Interest Rates', 0.0), ('Monetary Policy', 0.0))",ARP_04.2020.pdf,"['Interest Rates', 'Monetary Policy']",o Conduct term and overnight repurchase agreement operations to support effective policy implementation and the smooth functioning of short-term U.S. dollar funding markets. o Conduct overnight reverse repurchase agreement operations at an offering rate of 0.00 percent and with a per-counterparty limit of $30 billion per day; the per-counterparty limit can be temporarily increased at the discretion of the Chair. o Roll over at auction all principal payments from the Federal Reserve's holdings of Treasury securities and reinvest all principal payments from the Federal Reserve's holdings of agency debt and agency MBS in agency MBS and all principal payments from holdings of agency CMBS in agency CMBS.,"['Repo Markets', 'repurchase agreement', 'Repurchase Agreement (repo) Rates', 'Overnight Reverse Repurchase Agreement (ON RRP)', 'Overnight Rate', 'repurchase agreement', 'Overnight Rate', 'Repurchase Agreement (repo) Rates', 'Treasury Securities', 'Board', 'Asset Runoff', 'Federal Reserve', 'Reinvestment']"
"Goods imports in January were much higher than a year earlier, with continued gains in most categories.","(('Trade',0.8),('Demand',0.33),('Growth',0.66),('Economy',0.33))",fomcminutes20210317.pdf,"['Trade', 'Demand', 'Growth', 'Economy']","Both imports and exports continued to rebound Minutes of the Meeting of March 16–17, 2021 Page 5 _____________________________________________________________________________________________ from their collapse in the first half of last year. Goods imports in January were much higher than a year earlier, with continued gains in most categories. Nominal goods exports in January nearly recovered to their level from a year earlier, with particular strength in exports of capital goods and industrial supplies.","['Trade', 'GDP', 'Trade']"
Weaker demand and significantly lower oil prices are holding down consumer price inflation.,"(('Economy', -0.33), ('Demand', -0.66), ('Energy Prices', -0.33), ('Consumer Price Inflation', -0.66))",ARP_04.2020.pdf,"['Economy', 'Demand', 'Energy Prices', 'Consumer Price Inflation']",The virus and the measures taken to protect public health are inducing sharp declines in economic activity and a surge in job losses. Weaker demand and significantly lower oil prices are holding down consumer price inflation. The disruptions to economic activity here and abroad have significantly affected financial conditions and have impaired the flow of credit to U.S. households and businesses.,"['Pandemic', 'Risk', 'Price Stability', 'Inflation', 'Energy Prices', 'Demand', 'maximum employment', 'Credit', 'Financial Stability']"
I just think it’s something we need to be—we need to understand.,"(('', ''),)",FOMCpresconf20240320.pdf,[''],"I haven’t at all, in my own mind, made a decision that I think this is something the U.S. should be doing. I just think it’s something we need to be—we need to understand. We do have people who are keeping up with that, as part of the broader payments landscape.",['Credit']
But I think there’s tremendous uncertainty around that.,"(('', ''),)",FOMCpresconf20240320.pdf,[''],"I don’t see rates going back down to that level. But I think there’s tremendous uncertainty around that. Great, and just a quick follow[-up].","['Interest Rates', 'Overnight Rate', 'Uncertain']"
"Consequently, participants judged that the current stance of policy and policy guidance remained appropriate to foster further economic recovery as well as to achieve inflation that av-","(('Monetary Policy',0.99),('Inflation',0.5),('Expectation',0.5),('Growth', 0.5))",fomcminutes20210317.pdf,"['Monetary Policy', 'Inflation', 'Expectation', 'Growth']","Despite these positive indicators and an improved public health situation, participants agreed that the economy remained far from the Com- mittee’s longer-run goals and that the path ahead re- mained highly uncertain, with the pandemic continuing to pose considerable risks to the outlook. Consequently, participants judged that the current stance of policy and policy guidance remained appropriate to foster further economic recovery as well as to achieve inflation that av- erages 2 percent over time and longer-term inflation ex-","['Pandemic', 'Economic outlook', 'Uncertain', 'Inflation', 'Price Stability', 'domestic policy directive', 'Monetary Policy', 'Personal Consumption Expenditures (PCE)']"
